{"type":"FeatureCollection","features":[{"type":"Feature","geometry":{"type":"MultiPolygon","coordinates":[[[[-80.080117,40.462909],[-80.079975,40.462885],[-80.079958,40.462872],[-80.079888,40.46301],[-80.079883,40.463392],[-80.079888,40.463421],[-80.07972,40.463582],[-80.079524,40.463754],[-80.079525,40.463659],[-80.07949,40.463583],[-80.079494,40.463271],[-80.079571,40.463001],[-80.079592,40.462793],[-80.07962,40.462731],[-80.07974,40.462531],[-80.079796,40.462483],[-80.079953,40.462276],[-80.080163,40.462139],[-80.080347,40.461995],[-80.08057,40.461853],[-80.080268,40.462464],[-80.080176,40.46252],[-80.080084,40.462624],[-80.079984,40.462821],[-80.080009,40.462819],[-80.080139,40.46284],[-80.080117,40.462909]]],[[[-80.094347,40.451086],[-80.094464,40.451198],[-80.094499,40.451282],[-80.094562,40.451345],[-80.094633,40.45147],[-80.094685,40.451658],[-80.094684,40.451734],[-80.094735,40.45197],[-80.094732,40.452185],[-80.094694,40.452324],[-80.094649,40.4527],[-80.094512,40.45326],[-80.094595,40.453663],[-80.09471,40.454299],[-80.094888,40.455179],[-80.095319,40.457397],[-80.095337,40.457509],[-80.095237,40.4591],[-80.09523,40.459112],[-80.095263,40.458652],[-80.09527,40.458063],[-80.095239,40.457681],[-80.095015,40.456771],[-80.094992,40.456528],[-80.094856,40.455834],[-80.094786,40.455576],[-80.094646,40.455201],[-80.094595,40.454972],[-80.09455,40.454881],[-80.094543,40.454805],[-80.09449,40.454687],[-80.094482,40.45461],[-80.094394,40.454346],[-80.09437,40.454152],[-80.094258,40.453645],[-80.094254,40.453326],[-80.094272,40.453291],[-80.094295,40.452951],[-80.094334,40.452785],[-80.094409,40.452619],[-80.094438,40.45246],[-80.094441,40.452224],[-80.094407,40.452016],[-80.094372,40.451926],[-80.094248,40.451696],[-80.094152,40.451439],[-80.093955,40.451208],[-80.093694,40.451026],[-80.093559,40.450962],[-80.093369,40.450912],[-80.093161,40.45089],[-80.092861,40.450888],[-80.092579,40.450948],[-80.092032,40.451131],[-80.091703,40.451288],[-80.091566,40.451391],[-80.091544,40.451401],[-80.091518,40.451209],[-80.091634,40.45117],[-80.09191,40.451069],[-80.092166,40.450966],[-80.092398,40.450887],[-80.092566,40.450815],[-80.092692,40.450776],[-80.092917,40.450733],[-80.093155,40.450709],[-80.093359,40.45071],[-80.093619,40.450758],[-80.093854,40.450823],[-80.093888,40.45084],[-80.094042,40.450898],[-80.09409,40.450921],[-80.094158,40.450974],[-80.094228,40.451001],[-80.094347,40.451086]]],[[[-80.084195,40.442026],[-80.084374,40.442201],[-80.084391,40.442236],[-80.084571,40.44239],[-80.085045,40.442879],[-80.085474,40.443417],[-80.085788,40.443717],[-80.086109,40.444094],[-80.086171,40.444206],[-80.086341,40.444394],[-80.08651,40.444638],[-80.086796,40.444973],[-80.087047,40.445225],[-80.087091,40.445295],[-80.08789,40.44596],[-80.088266,40.44633],[-80.08849,40.446602],[-80.088731,40.44684],[-80.088803,40.446924],[-80.088918,40.447112],[-80.088981,40.447175],[-80.089345,40.447753],[-80.089477,40.448066],[-80.089485,40.448164],[-80.089512,40.448205],[-80.089616,40.448574],[-80.089688,40.449247],[-80.089674,40.449727],[-80.08966,40.449728],[-80.089631,40.450085],[-80.089612,40.450244],[-80.089621,40.450362],[-80.089639,40.450476],[-80.089671,40.450624],[-80.089732,40.450754],[-80.089815,40.450878],[-80.089968,40.45103],[-80.090118,40.45114],[-80.090428,40.451262],[-80.090756,40.451318],[-80.090949,40.451331],[-80.091132,40.451301],[-80.091384,40.451252],[-80.091518,40.451209],[-80.091544,40.451401],[-80.091456,40.451445],[-80.091046,40.451553],[-80.090755,40.451578],[-80.090592,40.451563],[-80.090348,40.451485],[-80.090186,40.451387],[-80.090159,40.451338],[-80.089872,40.451128],[-80.089666,40.450897],[-80.08949,40.450535],[-80.089473,40.450389],[-80.089421,40.450209],[-80.089398,40.449903],[-80.089372,40.449806],[-80.089413,40.449439],[-80.089419,40.449009],[-80.089318,40.448405],[-80.089311,40.448273],[-80.089251,40.448051],[-80.089002,40.44764],[-80.088726,40.447228],[-80.088636,40.447151],[-80.088324,40.446733],[-80.088154,40.446565],[-80.088119,40.446495],[-80.087975,40.446376],[-80.08776,40.44616],[-80.087285,40.445761],[-80.086788,40.445218],[-80.08692,40.445149],[-80.086788,40.445218],[-80.086703,40.445125],[-80.086372,40.444811],[-80.086085,40.444496],[-80.085264,40.443477],[-80.08513,40.443358],[-80.084978,40.443184],[-80.084789,40.443016],[-80.084763,40.442967],[-80.084324,40.44252],[-80.08428,40.442457],[-80.084055,40.442261],[-80.083832,40.441982],[-80.083806,40.441919],[-80.083441,40.441438],[-80.083352,40.441278],[-80.083289,40.441201],[-80.083254,40.441097],[-80.083183,40.441013],[-80.083183,40.440985],[-80.083112,40.440874],[-80.08306,40.4407],[-80.083024,40.440651],[-80.082917,40.440539],[-80.082818,40.440469],[-80.082746,40.440427],[-80.082376,40.440292],[-80.081526,40.440092],[-80.081137,40.43997],[-80.080838,40.439919],[-80.080702,40.439884],[-80.080752,40.439746],[-80.081463,40.43997],[-80.081812,40.440053],[-80.082558,40.440308],[-80.082886,40.440445],[-80.083244,40.440833],[-80.083578,40.441371],[-80.083913,40.441725],[-80.084071,40.441937],[-80.084068,40.44197],[-80.084172,40.441996],[-80.084195,40.442026]]],[[[-80.084917,40.420896],[-80.085425,40.421552],[-80.085556,40.421909],[-80.085745,40.4228],[-80.085701,40.423038],[-80.085624,40.422913],[-80.085563,40.422753],[-80.085546,40.422648],[-80.085458,40.422474],[-80.085406,40.422308],[-80.085228,40.421987],[-80.085069,40.421709],[-80.08474,40.421221],[-80.084466,40.420719],[-80.084385,40.420642],[-80.08425,40.42047],[-80.08451,40.42053],[-80.084859,40.420807],[-80.084917,40.420896]]],[[[-80.075806,40.418306],[-80.075928,40.41803],[-80.076086,40.417803],[-80.076306,40.417624],[-80.076435,40.417486],[-80.076728,40.417267],[-80.076837,40.417219],[-80.077203,40.417],[-80.07755,40.416878],[-80.077668,40.416851],[-80.078252,40.416634],[-80.078293,40.416623],[-80.077507,40.416947],[-80.077159,40.417098],[-80.076678,40.417387],[-80.076403,40.417589],[-80.07636,40.417611],[-80.076033,40.417955],[-80.075798,40.418353],[-80.075806,40.418306]]],[[[-80.074735,40.420399],[-80.074773,40.420226],[-80.074803,40.420185],[-80.074786,40.420416],[-80.074809,40.420491],[-80.074862,40.42061],[-80.075006,40.420712],[-80.075162,40.420766],[-80.075476,40.420842],[-80.075651,40.420835],[-80.076118,40.420705],[-80.076662,40.420567],[-80.079597,40.420046],[-80.080781,40.420173],[-80.080891,40.420189],[-80.081572,40.420221],[-80.082687,40.420109],[-80.083118,40.420208],[-80.083002,40.420229],[-80.082539,40.420274],[-80.082002,40.420353],[-80.081785,40.420365],[-80.081276,40.420375],[-80.080252,40.420297],[-80.079318,40.420297],[-80.078808,40.420397],[-80.078127,40.420475],[-80.077936,40.420515],[-80.077672,40.420533],[-80.077381,40.420587],[-80.077099,40.420619],[-80.076808,40.420686],[-80.076516,40.420788],[-80.076216,40.420841],[-80.076016,40.420895],[-80.075625,40.420933],[-80.075426,40.420918],[-80.075164,40.420874],[-80.074947,40.420768],[-80.074875,40.420712],[-80.074858,40.42067],[-80.074795,40.420614],[-80.074759,40.420536],[-80.074862,40.420609],[-80.074759,40.420536],[-80.074735,40.420399]],[[-80.080606,40.420271],[-80.080958,40.420298],[-80.081058,40.420308],[-80.080958,40.420298],[-80.080606,40.420271]]],[[[-80.089565,40.459745],[-80.089793,40.459698],[-80.090156,40.459638],[-80.090529,40.459634],[-80.090782,40.459678],[-80.091244,40.459786],[-80.091715,40.459831],[-80.091996,40.459833],[-80.092167,40.459845],[-80.091798,40.459848],[-80.0911,40.459839],[-80.090113,40.45982],[-80.089251,40.459793],[-80.089134,40.459785],[-80.089565,40.459745]]],[[[-80.087113,40.459829],[-80.08724,40.459823],[-80.087404,40.45979],[-80.087788,40.459775],[-80.087418,40.459815],[-80.087036,40.45985],[-80.087113,40.459829]]],[[[-79.982665,40.432256],[-79.982794,40.432273],[-79.98301,40.432273],[-79.983442,40.432251],[-79.983974,40.432173],[-79.984104,40.432162],[-79.98424,40.432118],[-79.984391,40.432118],[-79.984521,40.432123],[-79.984801,40.432101],[-79.984909,40.432079],[-79.985039,40.432074],[-79.985132,40.43209],[-79.98565,40.432057],[-79.985909,40.432013],[-79.985974,40.431991],[-79.986039,40.431958],[-79.986298,40.431946],[-79.986557,40.431957],[-79.986651,40.431952],[-79.987219,40.431863],[-79.987607,40.431759],[-79.987737,40.431753],[-79.988075,40.431703],[-79.98837,40.431681],[-79.98873,40.431609],[-79.988917,40.431587],[-79.98937,40.431554],[-79.989715,40.431543],[-79.990514,40.431449],[-79.990694,40.43141],[-79.992104,40.431404],[-79.992802,40.431415],[-79.993313,40.431392],[-79.99383,40.431354],[-79.99391,40.431381],[-79.994039,40.431403],[-79.994255,40.431408],[-79.994658,40.43143],[-79.994845,40.43143],[-79.995075,40.431408],[-79.995341,40.431402],[-79.9955,40.431391],[-79.99573,40.431402],[-79.995852,40.431413],[-79.996536,40.431429],[-79.996759,40.43144],[-79.997032,40.431473],[-79.997435,40.431539],[-79.997723,40.431616],[-79.997997,40.431692],[-79.998328,40.43183],[-79.998601,40.431923],[-79.999019,40.432077],[-79.999177,40.432171],[-79.999343,40.43222],[-79.999776,40.432306],[-79.999841,40.432382],[-80.000012,40.432439],[-80.0003,40.432594],[-80.000472,40.432658],[-80.000922,40.432884],[-80.000967,40.432891],[-80.001193,40.432997],[-80.001418,40.433117],[-80.001706,40.433238],[-80.002112,40.433442],[-80.002202,40.433471],[-80.002616,40.433675],[-80.003022,40.433852],[-80.003265,40.433979],[-80.00359,40.434114],[-80.003896,40.434269],[-80.004068,40.434333],[-80.00496,40.434777],[-80.00523,40.434891],[-80.005482,40.435025],[-80.005519,40.435025],[-80.005663,40.435089],[-80.005978,40.435258],[-80.006086,40.435293],[-80.006546,40.435519],[-80.006618,40.435541],[-80.007834,40.436161],[-80.00861,40.436501],[-80.00952,40.436945],[-80.009592,40.436967],[-80.00997,40.437164],[-80.010124,40.437221],[-80.010466,40.437397],[-80.010637,40.437461],[-80.010845,40.437553],[-80.010944,40.437616],[-80.011251,40.437744],[-80.011548,40.437906],[-80.012278,40.438203],[-80.012566,40.438372],[-80.01326,40.438704],[-80.013431,40.438803],[-80.013792,40.438965],[-80.013999,40.439099],[-80.014179,40.439183],[-80.014476,40.439373],[-80.014566,40.439408],[-80.014953,40.439641],[-80.015052,40.439683],[-80.015232,40.439796],[-80.015322,40.439831],[-80.015439,40.439908],[-80.015574,40.439965],[-80.015826,40.440127],[-80.016096,40.440261],[-80.016222,40.440359],[-80.016582,40.440556],[-80.016816,40.440711],[-80.01696,40.440774],[-80.017122,40.440893],[-80.01741,40.441021],[-80.017554,40.441119],[-80.017923,40.441316],[-80.01822,40.441499],[-80.018311,40.441528],[-80.018626,40.441683],[-80.019031,40.441929],[-80.019616,40.442267],[-80.019878,40.442352],[-80.01995,40.442395],[-80.020203,40.442487],[-80.020311,40.442508],[-80.020438,40.442558],[-80.020519,40.442566],[-80.020817,40.442651],[-80.020989,40.442681],[-80.021405,40.442788],[-80.021758,40.442854],[-80.022156,40.442968],[-80.022274,40.442983],[-80.023205,40.443213],[-80.023694,40.4433],[-80.02393,40.443357],[-80.024237,40.44345],[-80.024462,40.443542],[-80.024616,40.443578],[-80.024715,40.443621],[-80.024842,40.443642],[-80.025022,40.443713],[-80.025456,40.443842],[-80.025854,40.443991],[-80.025998,40.444041],[-80.02607,40.444097],[-80.02616,40.444139],[-80.026403,40.444238],[-80.026512,40.44426],[-80.026683,40.444358],[-80.026846,40.444415],[-80.026981,40.444492],[-80.027107,40.444535],[-80.027296,40.444641],[-80.027666,40.44481],[-80.027936,40.444972],[-80.028116,40.44505],[-80.028341,40.445204],[-80.028449,40.445247],[-80.028683,40.445394],[-80.029098,40.445606],[-80.029259,40.445725],[-80.029458,40.445824],[-80.029673,40.445978],[-80.029853,40.44607],[-80.030186,40.446309],[-80.030294,40.446358],[-80.030582,40.446568],[-80.030806,40.446702],[-80.031435,40.4472],[-80.031533,40.447263],[-80.031766,40.44748],[-80.032296,40.4479],[-80.032638,40.448125],[-80.032782,40.448196],[-80.033096,40.448434],[-80.033258,40.448526],[-80.033609,40.448771],[-80.034076,40.449122],[-80.034919,40.449794],[-80.035108,40.449921],[-80.03553,40.450264],[-80.036141,40.450713],[-80.03632,40.450867],[-80.0364,40.450958],[-80.037128,40.451505],[-80.037763,40.452148],[-80.038203,40.452505],[-80.038364,40.452652],[-80.038382,40.452687],[-80.038606,40.452904],[-80.038704,40.453023],[-80.03883,40.453121],[-80.038865,40.453177],[-80.039116,40.453394],[-80.039474,40.453743],[-80.039708,40.45394],[-80.039796,40.454058],[-80.03994,40.454184],[-80.040351,40.454617],[-80.040683,40.454932],[-80.040915,40.455191],[-80.041076,40.455338],[-80.041112,40.455394],[-80.041256,40.455513],[-80.041398,40.45568],[-80.041578,40.455834],[-80.041793,40.456002],[-80.042,40.456115],[-80.04236,40.456368],[-80.042692,40.456627],[-80.043816,40.457399],[-80.044112,40.457631],[-80.044623,40.458092],[-80.04483,40.458247],[-80.044874,40.458303],[-80.045539,40.458828],[-80.045746,40.458968],[-80.045898,40.459095],[-80.046186,40.45927],[-80.046716,40.459642],[-80.04713,40.459965],[-80.047192,40.460062],[-80.04754,40.460446],[-80.047621,40.46051],[-80.047918,40.460678],[-80.048161,40.460854],[-80.04835,40.460952],[-80.048575,40.461114],[-80.048737,40.461205],[-80.049312,40.461612],[-80.049555,40.461815],[-80.050408,40.462433],[-80.05118,40.463077],[-80.05135,40.463251],[-80.051609,40.463559],[-80.051832,40.463873],[-80.051965,40.464096],[-80.052009,40.464214],[-80.052178,40.464458],[-80.052213,40.464534],[-80.052257,40.464576],[-80.052371,40.464876],[-80.05247,40.464953],[-80.052543,40.464974],[-80.052715,40.464975],[-80.052988,40.464936],[-80.053052,40.464909],[-80.05318,40.464813],[-80.053555,40.46467],[-80.053655,40.46465],[-80.053992,40.464535],[-80.054037,40.464536],[-80.054229,40.464489],[-80.054302,40.464454],[-80.054521,40.464401],[-80.054767,40.46432],[-80.055058,40.464267],[-80.055386,40.464186],[-80.056153,40.463936],[-80.056573,40.463759],[-80.056974,40.463623],[-80.057111,40.46359],[-80.057475,40.463461],[-80.057503,40.463441],[-80.057603,40.46342],[-80.057959,40.463292],[-80.058304,40.463308],[-80.058458,40.463282],[-80.058512,40.463324],[-80.058666,40.46336],[-80.058783,40.463423],[-80.05891,40.463459],[-80.059036,40.463522],[-80.059135,40.463592],[-80.059297,40.463663],[-80.059352,40.46367],[-80.059487,40.463748],[-80.059587,40.463763],[-80.059658,40.463825],[-80.059758,40.463868],[-80.060002,40.463946],[-80.060165,40.463982],[-80.060391,40.463998],[-80.060637,40.463979],[-80.060837,40.463946],[-80.061001,40.463906],[-80.061147,40.463838],[-80.061375,40.463777],[-80.061475,40.463736],[-80.061604,40.463647],[-80.061924,40.463483],[-80.062245,40.463264],[-80.062259,40.463219],[-80.062373,40.463189],[-80.06251,40.463093],[-80.062839,40.46295],[-80.063095,40.462806],[-80.063589,40.462588],[-80.06388,40.462494],[-80.06409,40.462454],[-80.064117,40.462433],[-80.064236,40.462413],[-80.064445,40.462346],[-80.064948,40.462086],[-80.065113,40.46197],[-80.065232,40.461908],[-80.065469,40.46182],[-80.065753,40.461677],[-80.065836,40.461587],[-80.065981,40.461575],[-80.066091,40.461541],[-80.066255,40.461459],[-80.06662,40.461323],[-80.066903,40.461194],[-80.067368,40.461045],[-80.067706,40.460909],[-80.067806,40.460889],[-80.068116,40.46078],[-80.068572,40.460673],[-80.069253,40.460679],[-80.069398,40.460708],[-80.069941,40.460788],[-80.07043,40.46091],[-80.070783,40.460948],[-80.071326,40.461091],[-80.071824,40.461199],[-80.071915,40.461206],[-80.072204,40.461299],[-80.072519,40.461454],[-80.0726,40.461524],[-80.072698,40.461677],[-80.072717,40.461732],[-80.072337,40.461382],[-80.071893,40.46126],[-80.069533,40.460835],[-80.068711,40.460792],[-80.068554,40.460795],[-80.067759,40.461008],[-80.066907,40.461306],[-80.064499,40.462462],[-80.064006,40.462675],[-80.063401,40.462824],[-80.061938,40.463522],[-80.060838,40.464192],[-80.060749,40.464207],[-80.060111,40.464154],[-80.059832,40.464072],[-80.059436,40.463931],[-80.058974,40.46367],[-80.058488,40.463455],[-80.058137,40.463437],[-80.057798,40.463512],[-80.057142,40.463761],[-80.056639,40.463959],[-80.056166,40.464113],[-80.055564,40.464364],[-80.055042,40.464556],[-80.05502,40.464558],[-80.054182,40.464809],[-80.053638,40.464891],[-80.052597,40.465198],[-80.050716,40.465732],[-80.049885,40.463837],[-80.050716,40.465732],[-80.051058,40.466918],[-80.050424,40.468996],[-80.049653,40.469984],[-80.04834,40.470806],[-80.0471,40.471695],[-80.046864,40.47255],[-80.047363,40.474578],[-80.047853,40.475961],[-80.048406,40.477179],[-80.048507,40.47738],[-80.048743,40.477821],[-80.048898,40.478067],[-80.049084,40.478337],[-80.049321,40.478696],[-80.049526,40.478979],[-80.049925,40.479448],[-80.050765,40.480248],[-80.051604,40.481015],[-80.052558,40.481866],[-80.053055,40.482263],[-80.051438,40.483529],[-80.050153,40.482512],[-80.049893,40.482261],[-80.049482,40.481779],[-80.049366,40.481681],[-80.049339,40.481625],[-80.04907,40.481394],[-80.049007,40.481317],[-80.048855,40.481205],[-80.048694,40.48103],[-80.048478,40.480862],[-80.048281,40.480645],[-80.048209,40.480589],[-80.048165,40.480513],[-80.048075,40.480429],[-80.04771,40.479961],[-80.047377,40.479702],[-80.047262,40.479548],[-80.047209,40.479437],[-80.047113,40.479138],[-80.04697,40.478964],[-80.046963,40.478832],[-80.046928,40.478713],[-80.046485,40.477912],[-80.046168,40.477237],[-80.046088,40.477105],[-80.045782,40.476284],[-80.045737,40.476228],[-80.045685,40.476089],[-80.045658,40.476068],[-80.045641,40.475984],[-80.0455,40.475664],[-80.045361,40.47524],[-80.045327,40.475067],[-80.04523,40.474872],[-80.045232,40.474754],[-80.045198,40.474559],[-80.045031,40.474149],[-80.044783,40.473745],[-80.044621,40.473612],[-80.044523,40.473507],[-80.044487,40.473437],[-80.044488,40.473389],[-80.044563,40.473237],[-80.044592,40.473105],[-80.044594,40.473001],[-80.044559,40.472918],[-80.04456,40.472848],[-80.04439,40.472646],[-80.044266,40.472451],[-80.044212,40.472395],[-80.044086,40.472296],[-80.043906,40.472212],[-80.043806,40.47219],[-80.043752,40.472148],[-80.043726,40.472058],[-80.043673,40.471967],[-80.043521,40.471813],[-80.043414,40.471667],[-80.043309,40.471409],[-80.043067,40.470562],[-80.042829,40.470026],[-80.042766,40.469956],[-80.042723,40.469858],[-80.042527,40.469558],[-80.042295,40.469265],[-80.042259,40.46921],[-80.042098,40.469063],[-80.042071,40.469014],[-80.041785,40.468741],[-80.041749,40.468678],[-80.041751,40.468553],[-80.041644,40.4684],[-80.041474,40.46826],[-80.041421,40.468183],[-80.041331,40.468113],[-80.041126,40.467869],[-80.040776,40.467533],[-80.04024,40.466932],[-80.039998,40.466701],[-80.0399,40.466562],[-80.039801,40.466471],[-80.039614,40.46624],[-80.03956,40.466198],[-80.039355,40.465961],[-80.039204,40.46571],[-80.039123,40.46564],[-80.039008,40.465473],[-80.038613,40.465109],[-80.038516,40.464969],[-80.038301,40.464739],[-80.038248,40.464655],[-80.03814,40.46455],[-80.03798,40.464341],[-80.037827,40.464208],[-80.037765,40.464103],[-80.037685,40.464033],[-80.037345,40.463628],[-80.037328,40.463586],[-80.037229,40.463488],[-80.037025,40.463161],[-80.036981,40.463049],[-80.036901,40.462952],[-80.036813,40.462785],[-80.03667,40.462603],[-80.036662,40.462561],[-80.036599,40.462492],[-80.036359,40.462143],[-80.036261,40.461962],[-80.036048,40.46162],[-80.035995,40.461564],[-80.035942,40.46146],[-80.035621,40.461062],[-80.035559,40.460923],[-80.035488,40.460825],[-80.035356,40.46054],[-80.035116,40.460163],[-80.034966,40.459843],[-80.034873,40.459378],[-80.03488,40.458906],[-80.034836,40.458767],[-80.034702,40.45862],[-80.034735,40.45826],[-80.034655,40.458114],[-80.034676,40.457906],[-80.034695,40.457864],[-80.034698,40.45767],[-80.034647,40.457434],[-80.034642,40.457157],[-80.03467,40.457094],[-80.03471,40.456845],[-80.034717,40.456353],[-80.034682,40.456214],[-80.034683,40.456144],[-80.034555,40.455609],[-80.034506,40.455193],[-80.034438,40.454915],[-80.034341,40.454665],[-80.034314,40.454637],[-80.034279,40.454574],[-80.034271,40.454491],[-80.034156,40.454282],[-80.034033,40.453975],[-80.0339,40.453794],[-80.03382,40.453648],[-80.033402,40.453097],[-80.03333,40.453033],[-80.033169,40.452838],[-80.032586,40.452355],[-80.032344,40.452138],[-80.032318,40.452096],[-80.032111,40.451928],[-80.03195,40.45176],[-80.03152,40.451403],[-80.031279,40.451089],[-80.031253,40.45097],[-80.031155,40.450852],[-80.031021,40.450733],[-80.030742,40.450536],[-80.030671,40.450446],[-80.030573,40.450362],[-80.030376,40.450138],[-80.030197,40.449977],[-80.030143,40.449907],[-80.029972,40.449781],[-80.029828,40.449696],[-80.029774,40.449682],[-80.029649,40.449584],[-80.029504,40.449513],[-80.029109,40.449226],[-80.028759,40.448932],[-80.028688,40.448855],[-80.028382,40.448644],[-80.028202,40.448546],[-80.028094,40.44851],[-80.02777,40.448327],[-80.027697,40.448306],[-80.027014,40.447863],[-80.026797,40.447771],[-80.026617,40.447672],[-80.026437,40.447567],[-80.025913,40.44741],[-80.025552,40.447261],[-80.025255,40.447113],[-80.024876,40.446978],[-80.024515,40.446809],[-80.024272,40.446668],[-80.023685,40.446427],[-80.023152,40.446291],[-80.022916,40.446268],[-80.022753,40.446274],[-80.022279,40.446346],[-80.021944,40.446343],[-80.021691,40.446272],[-80.021384,40.446158],[-80.021176,40.446108],[-80.020833,40.445987],[-80.020661,40.445944],[-80.020516,40.44588],[-80.02039,40.445859],[-80.020272,40.445809],[-80.019983,40.445744],[-80.019703,40.445651],[-80.018691,40.445338],[-80.018347,40.445252],[-80.018157,40.445229],[-80.01794,40.445158],[-80.017822,40.445136],[-80.017741,40.445101],[-80.017398,40.445022],[-80.017063,40.444915],[-80.01691,40.44483],[-80.016448,40.444778],[-80.016203,40.444769],[-80.01594,40.444732],[-80.014952,40.444675],[-80.014363,40.444601],[-80.014246,40.4446],[-80.014266,40.444681],[-80.013278,40.444756],[-80.012143,40.444816],[-80.011949,40.444843],[-80.011862,40.444865],[-80.011445,40.444931],[-80.010619,40.445079],[-80.008793,40.445347],[-80.008484,40.445413],[-80.008326,40.445435],[-80.006952,40.445698],[-80.006564,40.445764],[-80.006406,40.445802],[-80.006126,40.445846],[-80.006104,40.445857],[-80.005939,40.445889],[-80.005141,40.446037],[-80.004738,40.446191],[-80.004465,40.446268],[-80.004069,40.446421],[-80.003926,40.446487],[-80.003811,40.446558],[-80.003717,40.446641],[-80.00371,40.446657],[-80.003681,40.446674],[-80.002818,40.446887],[-80.002732,40.446898],[-80.002588,40.446898],[-80.002516,40.446915],[-80.002351,40.447002],[-80.002344,40.447013],[-80.001718,40.447288],[-80.001596,40.44731],[-80.001574,40.44732],[-80.00151,40.447321],[-80.001359,40.447359],[-80.001287,40.447386],[-80.001172,40.447463],[-80.001006,40.447518],[-80.000597,40.447556],[-80.000546,40.447578],[-80.000338,40.447721],[-80.000136,40.447786],[-80.000022,40.4478],[-80.000022,40.447804],[-79.999936,40.447826],[-79.998801,40.448167],[-79.998693,40.448217],[-79.998592,40.448244],[-79.998492,40.448294],[-79.998327,40.448437],[-79.998204,40.44847],[-79.998104,40.448486],[-79.998039,40.448514],[-79.997982,40.448541],[-79.997759,40.448701],[-79.997601,40.448756],[-79.99727,40.448904],[-79.996954,40.44903],[-79.996624,40.449195],[-79.996386,40.449283],[-79.996099,40.449437],[-79.995891,40.449514],[-79.995438,40.44974],[-79.994964,40.450031],[-79.994676,40.450152],[-79.994597,40.450196],[-79.994533,40.450289],[-79.994245,40.450482],[-79.994102,40.450558],[-79.993556,40.450899],[-79.993491,40.450927],[-79.993369,40.45091],[-79.99329,40.450916],[-79.99316,40.450987],[-79.993103,40.451048],[-79.993081,40.451103],[-79.993089,40.451157],[-79.99306,40.451289],[-79.992988,40.451388],[-79.992794,40.451548],[-79.992492,40.451767],[-79.99204,40.452141],[-79.991867,40.452311],[-79.991781,40.452424],[-79.990804,40.451605],[-79.993737,40.449494],[-79.996778,40.447708],[-79.998656,40.446872],[-80.002144,40.445596],[-80.003241,40.445358],[-80.005298,40.444912],[-80.006273,40.4447],[-80.009593,40.444133],[-80.01326,40.443587],[-80.015434,40.443339],[-80.016852,40.443246],[-80.016963,40.443239],[-80.018485,40.443333],[-80.019399,40.443667],[-80.02047,40.443988],[-80.020882,40.444112],[-80.022583,40.444704],[-80.02476,40.445401],[-80.026501,40.445939],[-80.028037,40.446696],[-80.02927,40.447522],[-80.028037,40.446696],[-80.027075,40.446222],[-80.027297,40.445828],[-80.027075,40.446222],[-80.026501,40.445939],[-80.02476,40.445401],[-80.022583,40.444704],[-80.020882,40.444112],[-80.019399,40.443667],[-80.018485,40.443333],[-80.016963,40.443239],[-80.015434,40.443339],[-80.01326,40.443587],[-80.009593,40.444133],[-80.006273,40.4447],[-80.002144,40.445596],[-79.998656,40.446872],[-79.996778,40.447708],[-79.993737,40.449494],[-79.993519,40.449651],[-79.992756,40.448909],[-79.993007,40.448733],[-79.99333,40.448454],[-79.995247,40.447264],[-79.995988,40.446917],[-79.996139,40.446879],[-79.998023,40.446098],[-79.998464,40.445849],[-80.00005,40.44532],[-80.00119,40.445016],[-80.00248,40.444556],[-80.009062,40.443027],[-80.009953,40.442865],[-80.010384,40.442764],[-80.013085,40.442101],[-80.013031,40.442001],[-80.013122,40.441941],[-80.013187,40.441865],[-80.013197,40.441775],[-80.013144,40.441706],[-80.013,40.44158],[-80.012713,40.441376],[-80.012578,40.441298],[-80.012515,40.441242],[-80.012326,40.441151],[-80.012137,40.441024],[-80.011093,40.440433],[-80.010904,40.440355],[-80.0103,40.440045],[-80.010201,40.439974],[-80.009985,40.439869],[-80.009688,40.439679],[-80.009346,40.439516],[-80.008716,40.439151],[-80.008436,40.439044],[-80.008166,40.438903],[-80.00785,40.438797],[-80.007011,40.43847],[-80.006794,40.438406],[-80.006641,40.438321],[-80.00637,40.438222],[-80.006316,40.438187],[-80.00619,40.438144],[-80.006145,40.438109],[-80.005576,40.437903],[-80.005459,40.437847],[-80.004791,40.437591],[-80.004313,40.437379],[-80.003483,40.437088],[-80.003158,40.436953],[-80.002842,40.436846],[-80.002598,40.43674],[-80.002147,40.436584],[-80.002048,40.436534],[-80.001957,40.436513],[-80.001615,40.436371],[-80.001289,40.436271],[-80.000866,40.436074],[-80.00039,40.435716],[-80.000093,40.43556],[-79.999776,40.435436],[-79.999374,40.435209],[-79.998964,40.434961],[-79.998791,40.434862],[-79.998698,40.434818],[-79.998431,40.43473],[-79.998179,40.434653],[-79.997999,40.43456],[-79.997848,40.434489],[-79.997575,40.434395],[-79.997272,40.434252],[-79.997193,40.434219],[-79.996869,40.434126],[-79.996682,40.43406],[-79.996121,40.433967],[-79.995812,40.43395],[-79.995603,40.433934],[-79.994962,40.433907],[-79.99479,40.433885],[-79.994588,40.433819],[-79.9943,40.433747],[-79.994041,40.433726],[-79.993379,40.433682],[-79.992919,40.43366],[-79.992178,40.433655],[-79.991911,40.433633],[-79.991732,40.433611],[-79.991472,40.4336],[-79.991177,40.433579],[-79.990861,40.433568],[-79.990487,40.433562],[-79.990343,40.433541],[-79.989911,40.43353],[-79.989717,40.433557],[-79.989494,40.433568],[-79.989264,40.433591],[-79.988861,40.433613],[-79.988717,40.43364],[-79.988638,40.433646],[-79.988127,40.43374],[-79.987623,40.433762],[-79.987033,40.433795],[-79.986875,40.433806],[-79.986429,40.433851],[-79.986177,40.433889],[-79.985983,40.433928],[-79.985717,40.43395],[-79.985378,40.433989],[-79.985134,40.434033],[-79.984846,40.434099],[-79.984659,40.434149],[-79.984069,40.43427],[-79.983551,40.434419],[-79.983451,40.434452],[-79.983133,40.434525],[-79.982818,40.433442],[-79.982586,40.432241],[-79.982818,40.433442],[-79.978534,40.433909],[-79.982818,40.433442],[-79.983133,40.434525],[-79.982753,40.434612],[-79.982206,40.4347],[-79.981875,40.434722],[-79.981602,40.434756],[-79.98104,40.434794],[-79.980789,40.434822],[-79.980515,40.434839],[-79.980321,40.434855],[-79.980048,40.434899],[-79.979673,40.434933],[-79.979537,40.434955],[-79.979307,40.434966],[-79.979091,40.434993],[-79.978918,40.434999],[-79.978738,40.434999],[-79.978565,40.435027],[-79.978357,40.435093],[-79.977903,40.435137],[-79.977774,40.435148],[-79.977594,40.435143],[-79.977357,40.435143],[-79.97722,40.435093],[-79.977141,40.435099],[-79.976673,40.435027],[-79.976371,40.43489],[-79.976054,40.434758],[-79.975824,40.434686],[-79.97563,40.434643],[-79.975306,40.434544],[-79.975133,40.434511],[-79.97496,40.434467],[-79.974421,40.434368],[-79.974241,40.434351],[-79.97409,40.434329],[-79.973881,40.434313],[-79.973521,40.434319],[-79.972658,40.434154],[-79.972363,40.434082],[-79.971672,40.43394],[-79.971499,40.433874],[-79.971276,40.43383],[-79.971118,40.433791],[-79.970873,40.433742],[-79.970693,40.43367],[-79.970391,40.433615],[-79.970319,40.433588],[-79.969772,40.4335],[-79.969542,40.433406],[-79.969297,40.433368],[-79.968757,40.433247],[-79.968606,40.433231],[-79.96757,40.433033],[-79.967469,40.432994],[-79.967239,40.43295],[-79.966937,40.432879],[-79.966778,40.432851],[-79.966498,40.432758],[-79.966282,40.432692],[-79.966167,40.432643],[-79.965857,40.432533],[-79.965642,40.432461],[-79.965476,40.432395],[-79.964929,40.432197],[-79.964756,40.432126],[-79.964591,40.432049],[-79.964289,40.431933],[-79.964094,40.431834],[-79.96403,40.43179],[-79.96385,40.431719],[-79.963612,40.431592],[-79.963547,40.431548],[-79.963296,40.431427],[-79.962871,40.431168],[-79.962734,40.431097],[-79.962569,40.430998],[-79.962238,40.430794],[-79.961633,40.43047],[-79.961511,40.430398],[-79.961259,40.430222],[-79.960993,40.430052],[-79.960863,40.429997],[-79.960762,40.429925],[-79.960654,40.429876],[-79.960525,40.429771],[-79.960474,40.429722],[-79.960395,40.429705],[-79.960352,40.429661],[-79.960259,40.429612],[-79.960158,40.42954],[-79.960057,40.429496],[-79.959971,40.429425],[-79.95982,40.429315],[-79.959748,40.429276],[-79.959597,40.429177],[-79.959503,40.429127],[-79.959352,40.429034],[-79.959258,40.428951],[-79.959194,40.428874],[-79.9591,40.428797],[-79.958942,40.428638],[-79.958877,40.428561],[-79.958819,40.428467],[-79.95879,40.42839],[-79.958726,40.428352],[-79.958567,40.428242],[-79.958323,40.428104],[-79.958131,40.427957],[-79.959356,40.42719],[-79.955734,40.423802],[-79.95409,40.421452],[-79.953317,40.419293],[-79.953124,40.415751],[-79.954903,40.41571],[-79.954894,40.415787],[-79.954894,40.415952],[-79.954887,40.416107],[-79.954823,40.417086],[-79.954808,40.417158],[-79.954765,40.417543],[-79.954758,40.417708],[-79.954838,40.418016],[-79.954888,40.418104],[-79.954938,40.418209],[-79.954953,40.418347],[-79.954982,40.418484],[-79.954974,40.418677],[-79.955054,40.41931],[-79.955076,40.419943],[-79.955104,40.420113],[-79.955191,40.420465],[-79.955248,40.420603],[-79.955306,40.420774],[-79.955464,40.421098],[-79.955536,40.421208],[-79.955659,40.421362],[-79.95568,40.42144],[-79.955774,40.421561],[-79.956011,40.422023],[-79.956134,40.422199],[-79.956191,40.422293],[-79.956249,40.422364],[-79.956342,40.422546],[-79.956551,40.422755],[-79.956623,40.422859],[-79.956796,40.423046],[-79.957026,40.423294],[-79.957091,40.423355],[-79.957156,40.423399],[-79.957249,40.423503],[-79.957436,40.423685],[-79.957667,40.423921],[-79.95776,40.423993],[-79.958041,40.424251],[-79.95817,40.424395],[-79.958379,40.42456],[-79.95848,40.424681],[-79.958566,40.424741],[-79.958674,40.424846],[-79.958768,40.424917],[-79.959012,40.42506],[-79.95907,40.425137],[-79.959128,40.425242],[-79.959163,40.425275],[-79.959516,40.425682],[-79.959588,40.425754],[-79.959718,40.425864],[-79.95989,40.425974],[-79.960034,40.426051],[-79.960416,40.426276],[-79.960509,40.426381],[-79.960531,40.426436],[-79.960531,40.42659],[-79.960545,40.426634],[-79.960696,40.426755],[-79.960819,40.426805],[-79.961049,40.426937],[-79.961214,40.427063],[-79.961301,40.427146],[-79.961402,40.427283],[-79.961632,40.427465],[-79.961761,40.42752],[-79.961941,40.427646],[-79.962021,40.427729],[-79.962416,40.428081],[-79.962618,40.428218],[-79.962733,40.428284],[-79.963028,40.428477],[-79.963129,40.428565],[-79.963417,40.428769],[-79.963597,40.428868],[-79.963863,40.429049],[-79.964036,40.429154],[-79.964453,40.429363],[-79.964683,40.429489],[-79.964784,40.429561],[-79.964957,40.429643],[-79.965072,40.429715],[-79.965209,40.429781],[-79.965468,40.42988],[-79.965792,40.430012],[-79.966029,40.430083],[-79.966713,40.430314],[-79.967511,40.430551],[-79.96767,40.430628],[-79.967698,40.43065],[-79.967742,40.430694],[-79.967806,40.430716],[-79.967864,40.430787],[-79.968015,40.430892],[-79.96808,40.430914],[-79.968238,40.430925],[-79.968432,40.430925],[-79.968691,40.430991],[-79.968814,40.430974],[-79.968886,40.430979],[-79.969058,40.431051],[-79.969195,40.431117],[-79.969238,40.431156],[-79.969317,40.431183],[-79.96944,40.431249],[-79.969476,40.431276],[-79.969605,40.431315],[-79.96985,40.431353],[-79.970239,40.431403],[-79.970605,40.431458],[-79.971073,40.431557],[-79.972484,40.431815],[-79.972628,40.431815],[-79.972692,40.431793],[-79.972994,40.431749],[-79.973052,40.431759],[-79.973174,40.431771],[-79.973239,40.431809],[-79.973318,40.431831],[-79.973412,40.431869],[-79.973728,40.431924],[-79.973776,40.431947],[-79.973767,40.432024],[-79.973516,40.433311],[-79.971482,40.432897],[-79.967848,40.432005],[-79.971482,40.432897],[-79.973516,40.433311],[-79.973767,40.432024],[-79.973776,40.431947],[-79.973951,40.432018],[-79.974139,40.432183],[-79.974196,40.432216],[-79.974283,40.432254],[-79.974462,40.432298],[-79.974808,40.43237],[-79.975016,40.432403],[-79.975319,40.432419],[-79.975693,40.432458],[-79.975779,40.432463],[-79.975923,40.432501],[-79.976096,40.43254],[-79.976391,40.432595],[-79.976614,40.432622],[-79.976743,40.432628],[-79.977535,40.432627],[-79.977672,40.432605],[-79.978082,40.432589],[-79.978334,40.432566],[-79.978564,40.432522],[-79.978744,40.4325],[-79.979528,40.432357],[-79.979765,40.432318],[-79.98001,40.432296],[-79.980175,40.432263],[-79.980585,40.432224],[-79.980736,40.432197],[-79.981226,40.432152],[-79.981535,40.43213],[-79.981938,40.432136],[-79.982147,40.432163],[-79.982312,40.432174],[-79.982584,40.432237],[-79.982584,40.432242],[-79.982584,40.432237],[-79.982665,40.432256]],[[-80.037762,40.455435],[-80.037652,40.45551],[-80.037614,40.455642],[-80.037611,40.455794],[-80.037592,40.455843],[-80.037621,40.457029],[-80.037825,40.457967],[-80.037841,40.458147],[-80.037859,40.458175],[-80.037857,40.458342],[-80.037917,40.458529],[-80.037925,40.458654],[-80.037969,40.458758],[-80.037985,40.458863],[-80.038056,40.458995],[-80.038195,40.459447],[-80.0383,40.459704],[-80.038353,40.459781],[-80.038397,40.459941],[-80.038617,40.460373],[-80.039004,40.461263],[-80.039332,40.461807],[-80.039511,40.462023],[-80.039665,40.462046],[-80.039746,40.462123],[-80.039744,40.462199],[-80.039707,40.462247],[-80.039706,40.462351],[-80.039775,40.46256],[-80.040051,40.463006],[-80.040461,40.463522],[-80.040585,40.463717],[-80.040666,40.463787],[-80.04071,40.463857],[-80.040871,40.464032],[-80.041284,40.464382],[-80.041428,40.464446],[-80.041527,40.464516],[-80.041617,40.464551],[-80.041725,40.464628],[-80.041798,40.464657],[-80.042139,40.46493],[-80.042416,40.465237],[-80.04246,40.465314],[-80.042603,40.465454],[-80.042674,40.465565],[-80.042844,40.46574],[-80.042906,40.465852],[-80.043103,40.466103],[-80.04329,40.466326],[-80.043334,40.466403],[-80.043469,40.466522],[-80.043576,40.466648],[-80.043872,40.466907],[-80.043952,40.467018],[-80.043986,40.467185],[-80.044048,40.467283],[-80.044236,40.467485],[-80.044702,40.467891],[-80.044845,40.468073],[-80.04497,40.468199],[-80.045042,40.468303],[-80.045364,40.468646],[-80.045488,40.468827],[-80.04565,40.46896],[-80.045676,40.469009],[-80.045775,40.469093],[-80.045793,40.469128],[-80.045954,40.469261],[-80.046053,40.469366],[-80.046977,40.470088],[-80.047076,40.470185],[-80.047318,40.470375],[-80.047418,40.47041],[-80.04749,40.470411],[-80.047563,40.470397],[-80.047618,40.470356],[-80.047693,40.470218],[-80.047832,40.470053],[-80.047997,40.469923],[-80.048144,40.469764],[-80.048319,40.469627],[-80.048439,40.469476],[-80.048632,40.469304],[-80.048678,40.469235],[-80.04878,40.469138],[-80.048947,40.468814],[-80.049004,40.468655],[-80.049072,40.46835],[-80.049194,40.468053],[-80.049243,40.467859],[-80.049273,40.467624],[-80.049279,40.467236],[-80.04934,40.466778],[-80.049342,40.46664],[-80.049326,40.466432],[-80.049248,40.466154],[-80.049188,40.46591],[-80.0491,40.465709],[-80.049005,40.465375],[-80.048882,40.465103],[-80.048561,40.464685],[-80.048364,40.464489],[-80.048284,40.464377],[-80.048095,40.464223],[-80.04806,40.464174],[-80.047844,40.46402],[-80.047781,40.46395],[-80.047341,40.463607],[-80.047152,40.463494],[-80.046964,40.463347],[-80.046748,40.463234],[-80.046396,40.463017],[-80.045837,40.462783],[-80.045441,40.46253],[-80.044983,40.462201],[-80.044687,40.461928],[-80.044687,40.4619],[-80.044616,40.461816],[-80.044502,40.461552],[-80.044297,40.461231],[-80.044109,40.461063],[-80.04402,40.460958],[-80.043114,40.460188],[-80.042908,40.459992],[-80.042801,40.459866],[-80.04263,40.459733],[-80.042451,40.459545],[-80.04228,40.459425],[-80.042012,40.459173],[-80.041931,40.459076],[-80.04089,40.458249],[-80.040738,40.458102],[-80.040622,40.457941],[-80.040514,40.457843],[-80.040363,40.457627],[-80.040291,40.457564],[-80.040175,40.457418],[-80.040005,40.457263],[-80.039691,40.457011],[-80.039349,40.456773],[-80.039242,40.456661],[-80.038802,40.456318],[-80.038658,40.456233],[-80.038587,40.456128],[-80.038435,40.455968],[-80.038267,40.455675],[-80.038186,40.455577],[-80.038034,40.455458],[-80.037952,40.45543],[-80.037762,40.455435]],[[-80.008573,40.437878],[-80.008573,40.437878],[-80.00895,40.437294],[-80.008573,40.437878]],[[-80.036095,40.461286],[-80.036934,40.461146],[-80.03711,40.461116],[-80.037285,40.461086],[-80.03746,40.461057],[-80.036095,40.461286]],[[-80.036785,40.459695],[-80.036688,40.45929],[-80.036655,40.459155],[-80.036622,40.45902],[-80.036589,40.458885],[-80.036525,40.458615],[-80.036427,40.45821],[-80.036394,40.458076],[-80.036387,40.457439],[-80.036385,40.457302],[-80.036383,40.457165],[-80.03638,40.45689],[-80.036378,40.456753],[-80.036377,40.456616],[-80.036374,40.456341],[-80.036372,40.456204],[-80.036366,40.455655],[-80.036364,40.455518],[-80.036362,40.45538],[-80.036358,40.454969],[-80.036353,40.454927],[-80.036319,40.454654],[-80.036303,40.454517],[-80.036286,40.454381],[-80.036269,40.454244],[-80.036253,40.454107],[-80.03622,40.453834],[-80.036187,40.453561],[-80.03617,40.453424],[-80.036153,40.453287],[-80.036137,40.453151],[-80.036102,40.452866],[-80.036187,40.453561],[-80.03622,40.453834],[-80.036269,40.454244],[-80.036303,40.454517],[-80.036319,40.454654],[-80.036358,40.454969],[-80.036364,40.455518],[-80.036372,40.456204],[-80.036378,40.456753],[-80.03638,40.45689],[-80.036385,40.457302],[-80.036394,40.458076],[-80.036427,40.45821],[-80.036589,40.458885],[-80.036655,40.459155],[-80.036688,40.45929],[-80.036753,40.45956],[-80.036785,40.459695],[-80.036818,40.45983],[-80.036875,40.460068],[-80.036785,40.459695]],[[-79.996643,40.432767],[-79.997323,40.432964],[-79.996488,40.432722],[-79.996643,40.432767]]],[[[-79.954109,40.410696],[-79.95413,40.410785],[-79.954166,40.410862],[-79.954188,40.411021],[-79.95421,40.411115],[-79.95426,40.411412],[-79.954289,40.411632],[-79.954289,40.411698],[-79.954318,40.411808],[-79.954375,40.411979],[-79.95439,40.412116],[-79.954433,40.412204],[-79.954455,40.412441],[-79.954455,40.41254],[-79.954512,40.412848],[-79.954541,40.413035],[-79.954599,40.413217],[-79.954606,40.41336],[-79.954649,40.413542],[-79.954736,40.413762],[-79.954757,40.413855],[-79.954743,40.414164],[-79.954757,40.414312],[-79.954786,40.414516],[-79.954873,40.414725],[-79.954952,40.414951],[-79.95493,40.415099],[-79.954916,40.415402],[-79.954916,40.415589],[-79.954903,40.415709],[-79.953124,40.415751],[-79.952958,40.410667],[-79.954039,40.410611],[-79.954109,40.410696]]],[[[-79.932934,40.39662],[-79.933099,40.396653],[-79.933452,40.396857],[-79.933581,40.39678],[-79.933675,40.39673],[-79.933768,40.396692],[-79.933912,40.396648],[-79.933969,40.396609],[-79.93407,40.396571],[-79.934372,40.396483],[-79.934566,40.396433],[-79.935192,40.396378],[-79.935415,40.396389],[-79.935688,40.396384],[-79.93581,40.396372],[-79.936069,40.396339],[-79.936292,40.396323],[-79.936494,40.396301],[-79.937155,40.39624],[-79.937621,40.396173],[-79.937761,40.396958],[-79.9393,40.397029],[-79.941112,40.397135],[-79.942593,40.397336],[-79.943944,40.397783],[-79.945503,40.39847],[-79.946808,40.39936],[-79.948138,40.40043],[-79.949024,40.401314],[-79.949918,40.402409],[-79.950852,40.403759],[-79.951624,40.405375],[-79.952204,40.407253],[-79.952616,40.408862],[-79.95271,40.409358],[-79.951146,40.40973],[-79.950994,40.409679],[-79.950893,40.409585],[-79.950886,40.409508],[-79.950893,40.409404],[-79.950936,40.409189],[-79.95098,40.409062],[-79.950865,40.408655],[-79.950792,40.408176],[-79.95072,40.407951],[-79.950684,40.407742],[-79.950562,40.407334],[-79.95054,40.407235],[-79.950533,40.407054],[-79.950497,40.406955],[-79.950447,40.406773],[-79.950375,40.406432],[-79.950353,40.406289],[-79.950324,40.406162],[-79.950281,40.406035],[-79.950188,40.405832],[-79.950159,40.405634],[-79.950094,40.405436],[-79.949993,40.405232],[-79.9499,40.40499],[-79.949713,40.404632],[-79.948893,40.403471],[-79.948777,40.403377],[-79.948677,40.40324],[-79.948583,40.403097],[-79.94849,40.403009],[-79.948389,40.402882],[-79.94831,40.402811],[-79.94818,40.402662],[-79.948073,40.402563],[-79.947979,40.402409],[-79.947893,40.402304],[-79.94777,40.402194],[-79.947562,40.401974],[-79.947504,40.401875],[-79.947411,40.401748],[-79.94731,40.401572],[-79.947209,40.401446],[-79.947123,40.401308],[-79.947029,40.401187],[-79.9469,40.401072],[-79.946778,40.400994],[-79.946706,40.400934],[-79.946576,40.400851],[-79.946476,40.400752],[-79.946353,40.400675],[-79.946188,40.400532],[-79.946022,40.400411],[-79.94567,40.40018],[-79.945533,40.400081],[-79.94508,40.399866],[-79.944411,40.399487],[-79.943944,40.399294],[-79.943714,40.399212],[-79.943333,40.399019],[-79.94316,40.39897],[-79.942916,40.39886],[-79.942448,40.398711],[-79.942276,40.39865],[-79.94165,40.39854],[-79.940945,40.398359],[-79.940557,40.398309],[-79.94037,40.398293],[-79.940068,40.398243],[-79.939794,40.398216],[-79.93896,40.398216],[-79.938536,40.398282],[-79.938234,40.398304],[-79.937997,40.398337],[-79.937702,40.398359],[-79.937198,40.398436],[-79.937019,40.39848],[-79.936616,40.39859],[-79.936508,40.398634],[-79.936436,40.398673],[-79.936307,40.39869],[-79.935983,40.398657],[-79.935746,40.398657],[-79.935242,40.398745],[-79.934811,40.398844],[-79.934451,40.398948],[-79.933898,40.399064],[-79.93379,40.399119],[-79.933387,40.399213],[-79.932912,40.399268],[-79.93256,40.399317],[-79.932265,40.399416],[-79.932129,40.399493],[-79.931913,40.399631],[-79.931755,40.399713],[-79.931474,40.399884],[-79.931373,40.399972],[-79.931222,40.400077],[-79.930877,40.400253],[-79.930683,40.400335],[-79.93023,40.400539],[-79.929863,40.40077],[-79.929561,40.401012],[-79.929489,40.40104],[-79.929137,40.401277],[-79.928871,40.401513],[-79.92877,40.401563],[-79.928676,40.401634],[-79.928418,40.401788],[-79.928252,40.401866],[-79.928116,40.401965],[-79.927907,40.402102],[-79.927813,40.402196],[-79.927698,40.402328],[-79.927598,40.402432],[-79.927475,40.402542],[-79.927339,40.40268],[-79.92718,40.402812],[-79.927116,40.402889],[-79.9269,40.403115],[-79.926814,40.403159],[-79.926612,40.403302],[-79.92636,40.403577],[-79.926274,40.403627],[-79.926209,40.403704],[-79.926109,40.40377],[-79.925979,40.40388],[-79.925814,40.404072],[-79.925713,40.404221],[-79.925648,40.404293],[-79.925569,40.40437],[-79.925505,40.404491],[-79.925339,40.404667],[-79.92508,40.404859],[-79.925001,40.404904],[-79.924972,40.404981],[-79.924814,40.405239],[-79.924757,40.405316],[-79.924613,40.405465],[-79.924519,40.405624],[-79.924462,40.405735],[-79.924404,40.405889],[-79.924339,40.40596],[-79.924239,40.406136],[-79.924138,40.406241],[-79.924073,40.40634],[-79.923936,40.4065],[-79.923872,40.406555],[-79.923627,40.406742],[-79.923383,40.406967],[-79.923174,40.407226],[-79.923023,40.407512],[-79.922973,40.407683],[-79.922936,40.407782],[-79.92285,40.407964],[-79.922757,40.408107],[-79.922663,40.408222],[-79.922606,40.408354],[-79.92244,40.40858],[-79.922404,40.408646],[-79.922174,40.408965],[-79.921929,40.409202],[-79.921771,40.409444],[-79.921721,40.40951],[-79.921591,40.409653],[-79.921505,40.409736],[-79.921447,40.409813],[-79.921368,40.409884],[-79.921224,40.410049],[-79.921167,40.41017],[-79.921023,40.410363],[-79.920893,40.410517],[-79.9208,40.4106],[-79.920749,40.410627],[-79.920663,40.410693],[-79.920577,40.410737],[-79.920419,40.410847],[-79.920138,40.411117],[-79.920095,40.411183],[-79.920037,40.411255],[-79.91985,40.411546],[-79.919757,40.41164],[-79.919656,40.411766],[-79.919555,40.411849],[-79.919455,40.411943],[-79.919145,40.412091],[-79.918886,40.412256],[-79.918814,40.412333],[-79.91875,40.412416],[-79.91867,40.412504],[-79.918563,40.412548],[-79.918368,40.412647],[-79.918246,40.41273],[-79.918145,40.412851],[-79.918088,40.41295],[-79.918023,40.413005],[-79.917965,40.413098],[-79.917908,40.413148],[-79.91785,40.413241],[-79.91767,40.413406],[-79.917577,40.413456],[-79.917476,40.41356],[-79.917318,40.413665],[-79.917181,40.413775],[-79.917037,40.413869],[-79.916879,40.413995],[-79.916505,40.414232],[-79.916275,40.414397],[-79.916124,40.414518],[-79.915908,40.41465],[-79.915814,40.414727],[-79.915692,40.414804],[-79.915548,40.414903],[-79.915368,40.415013],[-79.914901,40.415184],[-79.914678,40.415272],[-79.914455,40.415343],[-79.914023,40.415519],[-79.913786,40.415591],[-79.913483,40.415695],[-79.912973,40.415794],[-79.91275,40.415871],[-79.912433,40.415943],[-79.912052,40.415992],[-79.911728,40.416003],[-79.911268,40.416086],[-79.910829,40.416201],[-79.910735,40.416245],[-79.910577,40.416295],[-79.910347,40.416344],[-79.909973,40.416443],[-79.909433,40.416454],[-79.908987,40.416498],[-79.908635,40.416553],[-79.908376,40.416575],[-79.907577,40.416751],[-79.906693,40.416845],[-79.906405,40.416883],[-79.905664,40.416965],[-79.905484,40.416977],[-79.904786,40.417053],[-79.904642,40.417081],[-79.904484,40.417103],[-79.904268,40.417169],[-79.904132,40.417191],[-79.903937,40.417229],[-79.903463,40.41724],[-79.903247,40.417268],[-79.902815,40.417251],[-79.902233,40.417256],[-79.901844,40.417251],[-79.901542,40.417229],[-79.901233,40.417218],[-79.900837,40.417163],[-79.900564,40.417146],[-79.900413,40.417124],[-79.90006,40.417003],[-79.89983,40.416904],[-79.899607,40.416821],[-79.899413,40.416755],[-79.899349,40.416727],[-79.899626,40.415458],[-79.899939,40.415548],[-79.901515,40.415887],[-79.90312,40.415915],[-79.905975,40.415715],[-79.90705,40.415593],[-79.907994,40.415474],[-79.910957,40.41501],[-79.913317,40.414248],[-79.913889,40.413987],[-79.915406,40.413234],[-79.917273,40.411916],[-79.918758,40.410604],[-79.920311,40.409084],[-79.921201,40.408224],[-79.922447,40.406567],[-79.92406,40.404495],[-79.925535,40.402892],[-79.927228,40.400934],[-79.92916,40.399264],[-79.931568,40.398168],[-79.933011,40.397639],[-79.932898,40.39666],[-79.932936,40.396657],[-79.932898,40.39666],[-79.932894,40.396624],[-79.932934,40.39662]]],[[[-79.952722,40.429952],[-79.952736,40.429933],[-79.95566,40.427968],[-79.955685,40.427942],[-79.955745,40.428001],[-79.955727,40.428019],[-79.952811,40.429979],[-79.951062,40.435364],[-79.949945,40.437121],[-79.949928,40.437133],[-79.948799,40.437586],[-79.947138,40.437487],[-79.946118,40.437158],[-79.943245,40.435777],[-79.941204,40.435655],[-79.934415,40.433769],[-79.934401,40.433763],[-79.934387,40.433748],[-79.934387,40.433724],[-79.934401,40.433708],[-79.934423,40.433701],[-79.934448,40.433702],[-79.941231,40.435587],[-79.943279,40.435709],[-79.946163,40.437095],[-79.947168,40.43742],[-79.948779,40.437514],[-79.94987,40.437075],[-79.950972,40.43534],[-79.952172,40.431646],[-79.95218,40.431646],[-79.952172,40.431646],[-79.952722,40.429952]]],[[[-79.930731,40.490345],[-79.930875,40.490362],[-79.930933,40.490378],[-79.931537,40.490389],[-79.931954,40.490433],[-79.932831,40.490444],[-79.933759,40.490362],[-79.934227,40.49034],[-79.935133,40.490346],[-79.935299,40.490307],[-79.935572,40.490225],[-79.935874,40.490208],[-79.936047,40.49023],[-79.936111,40.49023],[-79.936385,40.490181],[-79.936809,40.490088],[-79.937384,40.490033],[-79.937442,40.490016],[-79.93801,40.489928],[-79.93819,40.489884],[-79.93947,40.489489],[-79.939974,40.489418],[-79.940268,40.489313],[-79.940405,40.489253],[-79.941009,40.489083],[-79.941369,40.489],[-79.942081,40.488819],[-79.942771,40.48866],[-79.943066,40.488577],[-79.943304,40.488523],[-79.943483,40.488462],[-79.943613,40.488396],[-79.943771,40.48833],[-79.944052,40.488226],[-79.944821,40.488034],[-79.944943,40.488023],[-79.945066,40.487995],[-79.94526,40.487896],[-79.945404,40.487847],[-79.946303,40.487644],[-79.946634,40.487556],[-79.946864,40.487512],[-79.946878,40.487501],[-79.946964,40.48749],[-79.947346,40.487391],[-79.947763,40.487298],[-79.948122,40.487177],[-79.948331,40.487078],[-79.948338,40.486935],[-79.948396,40.486891],[-79.948525,40.486935],[-79.948633,40.48693],[-79.948834,40.486886],[-79.950445,40.486408],[-79.952143,40.485749],[-79.95225,40.485694],[-79.952286,40.48565],[-79.952315,40.485524],[-79.952373,40.485485],[-79.952452,40.485485],[-79.952531,40.485518],[-79.952603,40.485535],[-79.952689,40.48554],[-79.952804,40.485513],[-79.953912,40.485013],[-79.954012,40.484974],[-79.954444,40.484771],[-79.95453,40.484738],[-79.954537,40.484727],[-79.954667,40.484667],[-79.95476,40.484634],[-79.955163,40.48442],[-79.955285,40.484332],[-79.955472,40.484156],[-79.955578,40.484075],[-79.955647,40.483955],[-79.956859,40.483263],[-79.957679,40.482897],[-79.958428,40.482477],[-79.959658,40.481514],[-79.960781,40.480606],[-79.961833,40.479697],[-79.96317,40.477636],[-79.966325,40.472809],[-79.967715,40.470951],[-79.968736,40.469903],[-79.969015,40.469568],[-79.969375,40.469063],[-79.969669,40.468689],[-79.969856,40.468486],[-79.970108,40.468178],[-79.970395,40.467772],[-79.970647,40.467486],[-79.970927,40.467052],[-79.971214,40.466701],[-79.971372,40.466476],[-79.971487,40.466333],[-79.971703,40.466091],[-79.971875,40.46585],[-79.97212,40.465624],[-79.972292,40.465449],[-79.97258,40.465207],[-79.972695,40.465092],[-79.972767,40.465004],[-79.972838,40.464888],[-79.972845,40.464674],[-79.972867,40.46463],[-79.973075,40.464405],[-79.97314,40.46435],[-79.973291,40.464185],[-79.973787,40.463691],[-79.974125,40.463328],[-79.974311,40.463147],[-79.975195,40.462219],[-79.975605,40.461807],[-79.975734,40.461697],[-79.975986,40.461592],[-79.976079,40.461516],[-79.976108,40.461472],[-79.976129,40.461312],[-79.976172,40.461268],[-79.976244,40.461224],[-79.976352,40.461191],[-79.976395,40.461153],[-79.976424,40.461032],[-79.976474,40.460966],[-79.976539,40.460895],[-79.976719,40.46073],[-79.977387,40.46017],[-79.978062,40.459697],[-79.978343,40.459456],[-79.978702,40.459175],[-79.978953,40.458994],[-79.97927,40.458719],[-79.979363,40.458626],[-79.979521,40.458439],[-79.979672,40.458307],[-79.980053,40.45811],[-79.980132,40.45806],[-79.980376,40.457846],[-79.980585,40.457714],[-79.980692,40.457632],[-79.980994,40.457445],[-79.981109,40.457401],[-79.981195,40.457351],[-79.981231,40.457318],[-79.981282,40.457209],[-79.981375,40.457066],[-79.981512,40.456928],[-79.98172,40.456769],[-79.981849,40.456709],[-79.981921,40.456687],[-79.982022,40.45661],[-79.982101,40.456604],[-79.984645,40.454846],[-79.984796,40.454923],[-79.98532,40.454483],[-79.985262,40.454357],[-79.985361,40.454297],[-79.985399,40.454134],[-79.985666,40.453849],[-79.986183,40.453496],[-79.98716,40.452793],[-79.987748,40.452275],[-79.987978,40.452038],[-79.988201,40.451863],[-79.988488,40.451687],[-79.989006,40.451445],[-79.989128,40.451384],[-79.989221,40.451324],[-79.989329,40.451242],[-79.989415,40.451132],[-79.989444,40.451077],[-79.989573,40.450929],[-79.989681,40.450863],[-79.990011,40.450626],[-79.990443,40.450368],[-79.990579,40.450275],[-79.991197,40.449895],[-79.991326,40.449824],[-79.991571,40.449659],[-79.99165,40.449621],[-79.991865,40.449478],[-79.992088,40.449357],[-79.99226,40.449236],[-79.992383,40.44917],[-79.992756,40.448909],[-79.993519,40.449651],[-79.990804,40.451605],[-79.987179,40.454182],[-79.990804,40.451605],[-79.991781,40.452424],[-79.991767,40.452443],[-79.991709,40.452498],[-79.990488,40.453421],[-79.990409,40.453498],[-79.990409,40.453509],[-79.990344,40.453564],[-79.990186,40.453652],[-79.990129,40.453696],[-79.990071,40.4538],[-79.990007,40.453883],[-79.989662,40.454146],[-79.988714,40.45491],[-79.986716,40.456372],[-79.986601,40.456427],[-79.986436,40.456482],[-79.986378,40.456509],[-79.986098,40.456734],[-79.985746,40.456976],[-79.985494,40.457125],[-79.985228,40.457306],[-79.985056,40.457438],[-79.984999,40.457498],[-79.984934,40.457636],[-79.984812,40.457729],[-79.984733,40.457773],[-79.984524,40.457938],[-79.98446,40.457958],[-79.982725,40.459519],[-79.982065,40.460224],[-79.982008,40.460224],[-79.981055,40.46142],[-79.98104,40.461448],[-79.980796,40.461772],[-79.980128,40.462788],[-79.979891,40.463217],[-79.979876,40.463228],[-79.979833,40.463321],[-79.979409,40.464046],[-79.979144,40.464452],[-79.978993,40.464716],[-79.978914,40.46482],[-79.978756,40.465073],[-79.978195,40.46587],[-79.977872,40.466282],[-79.977592,40.466606],[-79.977398,40.466842],[-79.977355,40.466908],[-79.977103,40.467204],[-79.976902,40.467479],[-79.976579,40.46788],[-79.976255,40.468182],[-79.97581,40.468539],[-79.97545,40.468743],[-79.97512,40.468984],[-79.97494,40.469138],[-79.974614,40.469458],[-79.974112,40.469571],[-79.973748,40.469861],[-79.973401,40.470095],[-79.972855,40.470349],[-79.972229,40.470423],[-79.970543,40.46964],[-79.966156,40.475607],[-79.964811,40.477462],[-79.963334,40.479465],[-79.961603,40.48123],[-79.958749,40.483556],[-79.956819,40.484813],[-79.952364,40.487017],[-79.946636,40.488979],[-79.937981,40.491132],[-79.933336,40.491744],[-79.930503,40.491728],[-79.93043,40.490497],[-79.930412,40.490335],[-79.930731,40.490345]],[[-79.978913,40.463947],[-79.978992,40.463837],[-79.979064,40.4637],[-79.979158,40.463563],[-79.979244,40.463398],[-79.979359,40.463222],[-79.979416,40.463102],[-79.979538,40.462937],[-79.97966,40.462794],[-79.979825,40.462547],[-79.980048,40.46219],[-79.980185,40.461992],[-79.980192,40.461965],[-79.9803,40.4618],[-79.980364,40.461668],[-79.980415,40.461607],[-79.980529,40.461542],[-79.980587,40.461487],[-79.980623,40.461388],[-79.980774,40.461146],[-79.980917,40.460943],[-79.981054,40.460707],[-79.981147,40.46058],[-79.981161,40.460448],[-79.981269,40.460339],[-79.981284,40.460256],[-79.981283,40.46007],[-79.981219,40.459998],[-79.981154,40.459982],[-79.981003,40.460009],[-79.980967,40.460026],[-79.980766,40.460147],[-79.980636,40.460213],[-79.980083,40.460575],[-79.979803,40.4608],[-79.979638,40.46091],[-79.97917,40.461262],[-79.97833,40.461954],[-79.978208,40.462042],[-79.978035,40.462212],[-79.977575,40.462597],[-79.977468,40.462734],[-79.977317,40.462877],[-79.977216,40.462992],[-79.97678,40.463436],[-79.97569,40.462955],[-79.97678,40.463436],[-79.976433,40.463822],[-79.975937,40.464344],[-79.97575,40.464591],[-79.975714,40.464651],[-79.975664,40.464783],[-79.975606,40.464866],[-79.975427,40.465047],[-79.97519,40.465321],[-79.974945,40.465563],[-79.974773,40.465805],[-79.974622,40.466107],[-79.974593,40.46625],[-79.974521,40.466338],[-79.974457,40.466393],[-79.974407,40.466612],[-79.974313,40.466804],[-79.974213,40.466936],[-79.973997,40.467266],[-79.973818,40.467513],[-79.973516,40.467974],[-79.973307,40.468254],[-79.973185,40.468474],[-79.973157,40.468584],[-79.973121,40.468655],[-79.97284,40.469056],[-79.972733,40.469194],[-79.972704,40.46926],[-79.972567,40.469474],[-79.972488,40.469638],[-79.972424,40.469814],[-79.972424,40.469864],[-79.972481,40.469951],[-79.972625,40.47005],[-79.972683,40.470078],[-79.972855,40.470105],[-79.972906,40.470105],[-79.972999,40.470089],[-79.97315,40.470028],[-79.973445,40.46983],[-79.973725,40.469682],[-79.973804,40.469649],[-79.973883,40.469589],[-79.973934,40.469446],[-79.974063,40.469358],[-79.974163,40.469237],[-79.974343,40.469072],[-79.974487,40.468962],[-79.974933,40.468677],[-79.975105,40.468545],[-79.975421,40.468254],[-79.975601,40.468133],[-79.975795,40.468028],[-79.976075,40.467787],[-79.976104,40.467743],[-79.976133,40.467655],[-79.976162,40.467622],[-79.97619,40.467562],[-79.976413,40.467336],[-79.976542,40.467221],[-79.976801,40.466908],[-79.976974,40.466738],[-79.977146,40.466507],[-79.977318,40.466331],[-79.977405,40.466227],[-79.977498,40.466084],[-79.977563,40.465958],[-79.977785,40.46576],[-79.9778,40.465733],[-79.977958,40.465573],[-79.978195,40.465227],[-79.978353,40.464931],[-79.978454,40.464771],[-79.978468,40.464727],[-79.978619,40.464464],[-79.97864,40.464409],[-79.978712,40.464288],[-79.978891,40.464367],[-79.981093,40.46114],[-79.982069,40.459282],[-79.981093,40.46114],[-79.978891,40.464367],[-79.978712,40.464288],[-79.978913,40.463947]],[[-79.973429,40.465625],[-79.973429,40.465625],[-79.973388,40.465682],[-79.973429,40.465625]]],[[[-79.907908,40.485313],[-79.907994,40.485352],[-79.908202,40.4855],[-79.908238,40.485544],[-79.908224,40.485676],[-79.911201,40.486467],[-79.911287,40.486374],[-79.91374,40.487],[-79.913761,40.487105],[-79.913768,40.487116],[-79.915065,40.48748],[-79.916395,40.487866],[-79.91648,40.487787],[-79.916556,40.487801],[-79.917332,40.487999],[-79.918203,40.488202],[-79.91831,40.488158],[-79.91839,40.488142],[-79.918613,40.488191],[-79.918684,40.488251],[-79.918742,40.488345],[-79.918778,40.488372],[-79.918936,40.488422],[-79.920159,40.488675],[-79.920792,40.488817],[-79.921065,40.488867],[-79.922877,40.489241],[-79.924546,40.489614],[-79.924898,40.489658],[-79.92492,40.489669],[-79.925222,40.489724],[-79.92533,40.489752],[-79.925617,40.489862],[-79.925697,40.4899],[-79.925984,40.489944],[-79.926063,40.489966],[-79.926135,40.489971],[-79.926279,40.490004],[-79.927221,40.490153],[-79.927243,40.490164],[-79.92738,40.49018],[-79.927718,40.490241],[-79.928494,40.49029],[-79.929012,40.490312],[-79.930069,40.490323],[-79.930412,40.490335],[-79.93043,40.490497],[-79.930503,40.491728],[-79.9265,40.49157],[-79.918113,40.489466],[-79.912023,40.48879],[-79.907522,40.487238],[-79.901467,40.486364],[-79.901491,40.487471],[-79.897342,40.486578],[-79.893473,40.485725],[-79.893243,40.485725],[-79.892696,40.485703],[-79.89087,40.485494],[-79.890697,40.485428],[-79.890575,40.485269],[-79.888518,40.48518],[-79.888114,40.485189],[-79.88814,40.48501],[-79.888216,40.48369],[-79.883918,40.483222],[-79.883854,40.483217],[-79.88381,40.48322],[-79.883944,40.482488],[-79.884076,40.482498],[-79.884141,40.482481],[-79.884256,40.482421],[-79.884364,40.48235],[-79.884508,40.482328],[-79.884896,40.482339],[-79.884918,40.482334],[-79.885083,40.482345],[-79.885205,40.482394],[-79.885392,40.482537],[-79.885478,40.482559],[-79.8856,40.482564],[-79.886967,40.482488],[-79.888096,40.482478],[-79.888535,40.482505],[-79.888829,40.482544],[-79.889196,40.48261],[-79.889556,40.482649],[-79.889628,40.482665],[-79.890145,40.482709],[-79.890318,40.482731],[-79.890412,40.482748],[-79.890433,40.482759],[-79.8909,40.482776],[-79.89121,40.482803],[-79.891512,40.482858],[-79.891799,40.482963],[-79.892001,40.482963],[-79.892145,40.482979],[-79.89505,40.483348],[-79.895309,40.483398],[-79.89533,40.483409],[-79.895409,40.483414],[-79.895611,40.483464],[-79.895805,40.483524],[-79.8961,40.483601],[-79.896337,40.483695],[-79.896509,40.483744],[-79.896962,40.483755],[-79.8972,40.483788],[-79.897631,40.483882],[-79.898135,40.483954],[-79.898803,40.483998],[-79.899623,40.484036],[-79.899817,40.484064],[-79.900004,40.484113],[-79.900263,40.484163],[-79.900702,40.484191],[-79.901378,40.484345],[-79.901543,40.484367],[-79.901867,40.484427],[-79.902054,40.484449],[-79.902111,40.484444],[-79.902219,40.484449],[-79.902349,40.48451],[-79.902449,40.484587],[-79.902564,40.484647],[-79.902866,40.484718],[-79.903068,40.484839],[-79.903283,40.484944],[-79.90342,40.484988],[-79.903614,40.485037],[-79.90411,40.485081],[-79.904348,40.485125],[-79.904722,40.485219],[-79.905434,40.485219],[-79.905642,40.485208],[-79.905966,40.485208],[-79.906477,40.485252],[-79.907354,40.485242],[-79.907728,40.485269],[-79.907791,40.485285],[-79.90776,40.485513],[-79.907791,40.485285],[-79.907908,40.485313]]],[[[-80.05057,40.483965],[-80.05059,40.483959],[-80.050927,40.483929],[-80.050828,40.484008],[-80.050614,40.484029],[-80.050543,40.484065],[-80.050467,40.484018],[-80.05057,40.483965]]],[[[-80.050461,40.484107],[-80.050327,40.484203],[-80.050235,40.48426],[-80.050139,40.484353],[-80.050056,40.484453],[-80.049951,40.484622],[-80.049915,40.484738],[-80.049809,40.484991],[-80.049751,40.485322],[-80.04972,40.485431],[-80.049622,40.485605],[-80.049596,40.48562],[-80.049563,40.485618],[-80.049539,40.485602],[-80.049535,40.485577],[-80.04963,40.485409],[-80.049657,40.48531],[-80.049715,40.484977],[-80.049824,40.484718],[-80.049863,40.484596],[-80.049972,40.484418],[-80.050062,40.484311],[-80.050164,40.484212],[-80.050262,40.48415],[-80.0504,40.484052],[-80.050467,40.484018],[-80.050543,40.484065],[-80.050461,40.484107]]]]},"properties":{"WETLAND_TYPE":"Riverine"}},{"type":"Feature","geometry":{"type":"MultiPolygon","coordinates":[[[[-79.997905,40.390901],[-79.997913,40.391434],[-79.997963,40.391696],[-79.997963,40.391888],[-79.997949,40.392002],[-79.997904,40.392136],[-79.997796,40.392389],[-79.997736,40.392456],[-79.997675,40.392576],[-79.997626,40.392757],[-79.997612,40.392941],[-79.997605,40.393197],[-79.997656,40.393545],[-79.997635,40.394018],[-79.997678,40.394522],[-79.997699,40.394654],[-79.997756,40.394768],[-79.997843,40.394986],[-79.997851,40.395083],[-79.99788,40.395241],[-79.997873,40.395507],[-79.997859,40.39566],[-79.997852,40.396019],[-79.997924,40.396402],[-79.997939,40.396562],[-79.997995,40.39676],[-79.998131,40.397034],[-79.998318,40.397434],[-79.998411,40.397588],[-79.998512,40.397775],[-79.998642,40.398044],[-79.998733,40.398194],[-79.998963,40.39843],[-79.999022,40.398526],[-79.999239,40.39884],[-79.999311,40.398958],[-79.999405,40.399128],[-79.999409,40.399241],[-79.999402,40.399369],[-79.999374,40.399537],[-79.999423,40.399777],[-79.999514,40.399982],[-79.99966,40.400226],[-79.999685,40.400229],[-79.999706,40.400244],[-79.999775,40.400336],[-79.999775,40.400378],[-79.999803,40.400384],[-79.999817,40.400397],[-80.000042,40.400724],[-80.000047,40.400742],[-80.00004,40.400759],[-80.000022,40.400772],[-80.000006,40.400776],[-79.999975,40.40077],[-79.999958,40.400757],[-79.999775,40.400491],[-79.999775,40.400449],[-79.999754,40.400445],[-79.999737,40.400434],[-79.999627,40.400283],[-79.999598,40.400279],[-79.999581,40.400267],[-79.999425,40.400007],[-79.999329,40.399792],[-79.999279,40.399543],[-79.999307,40.399364],[-79.999314,40.399149],[-79.999224,40.398986],[-79.999153,40.398871],[-79.998937,40.398558],[-79.998881,40.398467],[-79.99865,40.39823],[-79.998555,40.398073],[-79.998424,40.397801],[-79.998324,40.397615],[-79.998229,40.397459],[-79.998042,40.397058],[-79.997905,40.396783],[-79.997845,40.396573],[-79.99783,40.396411],[-79.997757,40.396022],[-79.997764,40.395658],[-79.997778,40.395503],[-79.997785,40.395248],[-79.997757,40.395091],[-79.99775,40.394999],[-79.997665,40.39479],[-79.997606,40.394669],[-79.997584,40.394529],[-79.99754,40.394019],[-79.997561,40.393547],[-79.99751,40.393202],[-79.99751,40.393105],[-79.997531,40.392751],[-79.997582,40.392559],[-79.997652,40.392421],[-79.997708,40.392362],[-79.997813,40.392115],[-79.997855,40.391992],[-79.997868,40.391887],[-79.997868,40.391698],[-79.997818,40.391437],[-79.997814,40.391046],[-79.997812,40.390911],[-79.997896,40.390803],[-79.997905,40.390901]]],[[[-79.995956,40.386933],[-79.996018,40.387028],[-79.996203,40.387234],[-79.99636,40.387381],[-79.996453,40.38748],[-79.99676,40.387721],[-79.996888,40.387891],[-79.996983,40.387996],[-79.997135,40.388262],[-79.997237,40.38839],[-79.997332,40.388553],[-79.997419,40.388746],[-79.997484,40.388933],[-79.997579,40.389123],[-79.997708,40.38952],[-79.99776,40.389694],[-79.997803,40.389991],[-79.997847,40.39041],[-79.997883,40.390648],[-79.997896,40.390803],[-79.997812,40.390911],[-79.997814,40.391046],[-79.99781,40.390905],[-79.997788,40.390653],[-79.997752,40.390418],[-79.997709,40.389998],[-79.997666,40.389704],[-79.997616,40.389536],[-79.997487,40.389142],[-79.997394,40.388957],[-79.997328,40.388767],[-79.997243,40.388577],[-79.997151,40.388421],[-79.997049,40.388292],[-79.9969,40.388031],[-79.996807,40.387928],[-79.99668,40.387761],[-79.99638,40.387526],[-79.996285,40.387425],[-79.996127,40.387278],[-79.995936,40.387064],[-79.995868,40.38696],[-79.995687,40.386608],[-79.995776,40.386582],[-79.995956,40.386933]]],[[[-79.995656,40.385802],[-79.9957,40.38624],[-79.995736,40.386504],[-79.995776,40.386582],[-79.995687,40.386608],[-79.995642,40.386516],[-79.995606,40.386246],[-79.995555,40.385737],[-79.995562,40.385593],[-79.995561,40.38517],[-79.99559,40.3848],[-79.995589,40.384432],[-79.995627,40.384285],[-79.995742,40.383976],[-79.995807,40.383843],[-79.99592,40.383516],[-79.995942,40.383427],[-79.995992,40.383269],[-79.99604,40.383023],[-79.995978,40.382747],[-79.99592,40.382643],[-79.995797,40.38257],[-79.995731,40.382497],[-79.995669,40.382419],[-79.995638,40.382286],[-79.995638,40.382236],[-79.995646,40.382221],[-79.995699,40.382179],[-79.995827,40.382054],[-79.995844,40.382044],[-79.996272,40.381949],[-79.996696,40.3818],[-79.996833,40.381772],[-79.996962,40.381728],[-79.997097,40.381696],[-79.997485,40.381544],[-79.997573,40.381494],[-79.997629,40.381472],[-79.997905,40.38131],[-79.998044,40.381237],[-79.99816,40.381211],[-79.998368,40.381115],[-79.998565,40.381007],[-79.998687,40.380919],[-79.998823,40.380842],[-79.99937,40.380434],[-79.999471,40.380384],[-79.999528,40.380341],[-79.999752,40.38021],[-79.999775,40.380206],[-79.999879,40.380207],[-79.999945,40.380168],[-80.000245,40.379924],[-80.000508,40.379688],[-80.000648,40.379492],[-80.000825,40.379281],[-80.001034,40.379047],[-80.001106,40.378986],[-80.001158,40.378905],[-80.001265,40.378819],[-80.001667,40.378587],[-80.001824,40.378512],[-80.00185,40.378584],[-80.001723,40.378644],[-80.001326,40.378874],[-80.001233,40.37895],[-80.001186,40.379025],[-80.001111,40.379089],[-80.000904,40.379321],[-80.00073,40.379529],[-80.000584,40.379731],[-80.000315,40.379972],[-80.000008,40.380222],[-79.99991,40.380277],[-79.999791,40.380278],[-79.99959,40.380394],[-79.999532,40.380439],[-79.99943,40.380489],[-79.998888,40.380894],[-79.998749,40.380973],[-79.998624,40.381063],[-79.998419,40.381175],[-79.998203,40.381274],[-79.998092,40.381299],[-79.997963,40.381366],[-79.997683,40.381531],[-79.997622,40.381555],[-79.997535,40.381605],[-79.997137,40.38176],[-79.996996,40.381795],[-79.996866,40.381839],[-79.996729,40.381867],[-79.996305,40.382016],[-79.995893,40.382107],[-79.995772,40.382226],[-79.995733,40.382256],[-79.995733,40.382277],[-79.995759,40.382394],[-79.995871,40.382525],[-79.995999,40.382602],[-79.996068,40.382724],[-79.996136,40.383022],[-79.996085,40.383282],[-79.996035,40.383443],[-79.996013,40.383533],[-79.995898,40.383863],[-79.995833,40.383997],[-79.995719,40.384303],[-79.995684,40.384435],[-79.995685,40.384801],[-79.995656,40.385171],[-79.995657,40.385593],[-79.99565,40.385736],[-79.995656,40.385802],[-79.995645,40.385874],[-79.9957,40.386314],[-79.995645,40.385874],[-79.995656,40.385802]]],[[[-80.004452,40.377759],[-80.004337,40.377836],[-80.004228,40.377952],[-80.004073,40.378067],[-80.004072,40.378094],[-80.004056,40.378114],[-80.003506,40.378471],[-80.003072,40.378602],[-80.002697,40.378612],[-80.002349,40.378551],[-80.002244,40.378508],[-80.002104,40.378489],[-80.001893,40.378564],[-80.00185,40.378584],[-80.001824,40.378512],[-80.002091,40.378417],[-80.002269,40.378439],[-80.002377,40.378483],[-80.002712,40.378541],[-80.00306,40.378531],[-80.003462,40.378407],[-80.003978,40.37807],[-80.003979,40.378046],[-80.003988,40.378031],[-80.004155,40.377906],[-80.004265,40.377789],[-80.004405,40.377691],[-80.004722,40.377413],[-80.004923,40.377168],[-80.005052,40.377],[-80.00509,40.376697],[-80.005009,40.376449],[-80.004977,40.376174],[-80.004997,40.376015],[-80.005027,40.375838],[-80.005066,40.37567],[-80.005218,40.375306],[-80.005379,40.375118],[-80.005529,40.375041],[-80.005599,40.375027],[-80.005615,40.375015],[-80.005666,40.374924],[-80.005742,40.374853],[-80.005844,40.374872],[-80.005748,40.37496],[-80.005693,40.375057],[-80.005647,40.37509],[-80.005571,40.375106],[-80.005445,40.37517],[-80.005306,40.375332],[-80.005159,40.375685],[-80.005121,40.375848],[-80.005091,40.376023],[-80.005072,40.376178],[-80.005102,40.376436],[-80.005185,40.376691],[-80.005143,40.377024],[-80.005004,40.377205],[-80.004801,40.377453],[-80.004514,40.377705],[-80.004651,40.377795],[-80.004591,40.37785],[-80.004452,40.377759]]],[[[-80.009746,40.382166],[-80.009683,40.382127],[-80.009651,40.382119],[-80.009631,40.382101],[-80.009346,40.381958],[-80.00895,40.381741],[-80.008599,40.381504],[-80.00827,40.381214],[-80.008088,40.381076],[-80.007882,40.380971],[-80.007967,40.380928],[-80.008149,40.381021],[-80.008341,40.381167],[-80.008669,40.381456],[-80.00901,40.381686],[-80.009402,40.3819],[-80.009735,40.382067],[-80.009797,40.382106],[-80.009932,40.382164],[-80.009873,40.382221],[-80.009746,40.382166]]],[[[-80.012399,40.383197],[-80.012151,40.383218],[-80.012122,40.383213],[-80.012039,40.383174],[-80.011719,40.382909],[-80.011412,40.382744],[-80.011347,40.382725],[-80.010985,40.382561],[-80.010857,40.382531],[-80.010617,40.382496],[-80.010472,40.382463],[-80.010311,40.382411],[-80.009873,40.382221],[-80.009932,40.382164],[-80.010351,40.382347],[-80.010504,40.382396],[-80.010642,40.382428],[-80.010883,40.382462],[-80.011029,40.382498],[-80.011391,40.382662],[-80.011458,40.382681],[-80.011779,40.382853],[-80.012105,40.383122],[-80.012157,40.383146],[-80.012383,40.383127],[-80.012574,40.383098],[-80.012555,40.383174],[-80.012399,40.383197]]]]},"properties":{"WETLAND_TYPE":"Riverine"}},{"type":"Feature","geometry":{"type":"MultiPolygon","coordinates":[[[[-80.001047,40.379453],[-80.0009,40.379326],[-80.00094,40.379281],[-80.001096,40.379414],[-80.001047,40.379453]]],[[[-80.004494,40.383963],[-80.004346,40.383785],[-80.003899,40.383391],[-80.003819,40.383245],[-80.00372,40.383115],[-80.003649,40.382998],[-80.003529,40.382887],[-80.003495,40.382839],[-80.003422,40.382667],[-80.003378,40.382463],[-80.003365,40.382338],[-80.003288,40.382153],[-80.003257,40.382102],[-80.003214,40.381903],[-80.003264,40.381664],[-80.003257,40.381531],[-80.003159,40.381323],[-80.003068,40.381181],[-80.002962,40.381048],[-80.002743,40.380855],[-80.002442,40.38065],[-80.002127,40.380404],[-80.002033,40.380339],[-80.001636,40.38002],[-80.001314,40.379728],[-80.001114,40.379512],[-80.001052,40.37947],[-80.001047,40.379456],[-80.001096,40.379414],[-80.001113,40.379429],[-80.001119,40.379444],[-80.00117,40.379478],[-80.001369,40.379695],[-80.00169,40.379985],[-80.002084,40.380302],[-80.002178,40.380366],[-80.002493,40.380612],[-80.002796,40.380819],[-80.003019,40.381015],[-80.00313,40.381154],[-80.003225,40.381304],[-80.003328,40.381521],[-80.003335,40.381669],[-80.003285,40.381899],[-80.003327,40.382089],[-80.003355,40.382133],[-80.003435,40.382328],[-80.003449,40.382456],[-80.003492,40.382656],[-80.003561,40.382819],[-80.003587,40.382855],[-80.00371,40.38297],[-80.003783,40.383089],[-80.003884,40.383223],[-80.003961,40.383364],[-80.004405,40.383755],[-80.004556,40.383937],[-80.004635,40.384058],[-80.00457,40.38408],[-80.004494,40.383963]]],[[[-80.004851,40.38439],[-80.004923,40.384467],[-80.005116,40.384739],[-80.005224,40.384871],[-80.005447,40.385207],[-80.005584,40.385499],[-80.005628,40.385572],[-80.005651,40.38566],[-80.005687,40.385745],[-80.005685,40.385758],[-80.005668,40.385772],[-80.005638,40.385773],[-80.005618,40.385757],[-80.005582,40.385675],[-80.00556,40.385589],[-80.005518,40.385518],[-80.005382,40.38523],[-80.005162,40.384897],[-80.005054,40.384766],[-80.004861,40.384495],[-80.004788,40.384415],[-80.00457,40.38408],[-80.004635,40.384058],[-80.004851,40.38439]]]]},"properties":{"WETLAND_TYPE":"Riverine"}},{"type":"Feature","geometry":{"type":"Polygon","coordinates":[[[-79.995153,40.381221],[-79.995751,40.382127],[-79.995714,40.382165],[-79.995698,40.38216],[-79.995688,40.382151],[-79.99509,40.381246],[-79.995128,40.381243],[-79.995146,40.381232],[-79.995153,40.381221]]]},"properties":{"WETLAND_TYPE":"Riverine"}},{"type":"Feature","geometry":{"type":"MultiPolygon","coordinates":[[[[-80.009261,40.391971],[-80.008934,40.39197],[-80.008502,40.391833],[-80.008183,40.391765],[-80.007862,40.391765],[-80.007668,40.391748],[-80.007147,40.391575],[-80.006819,40.391524],[-80.006451,40.391332],[-80.006108,40.39116],[-80.005921,40.391041],[-80.00567,40.390974],[-80.005241,40.390871],[-80.004771,40.390646],[-80.004246,40.390443],[-80.003931,40.390426],[-80.003325,40.390478],[-80.001573,40.390323],[-80.001067,40.39027],[-80.000706,40.390167],[-80.000365,40.390047],[-80.00003,40.389997],[-79.999643,40.390014],[-79.999415,40.390061],[-79.999406,40.390007],[-79.999631,40.389961],[-80.000039,40.389944],[-80.000388,40.389997],[-80.000733,40.390117],[-80.001089,40.390219],[-80.001582,40.39027],[-80.003329,40.390424],[-80.00393,40.390373],[-80.004263,40.39039],[-80.004806,40.390599],[-80.005267,40.390821],[-80.005692,40.390923],[-80.005956,40.390994],[-80.006149,40.391116],[-80.006491,40.391288],[-80.006846,40.391473],[-80.00717,40.391525],[-80.007682,40.391695],[-80.007864,40.391712],[-80.008194,40.391712],[-80.008524,40.391782],[-80.00895,40.391918],[-80.009248,40.391918],[-80.009415,40.391887],[-80.009411,40.391942],[-80.009261,40.391971]]],[[[-80.009834,40.391831],[-80.009834,40.391853],[-80.009816,40.391866],[-80.009411,40.391942],[-80.009415,40.391887],[-80.009684,40.391836],[-80.009834,40.391831]]],[[[-80.009793,40.391816],[-80.009817,40.391818],[-80.009834,40.391831],[-80.009684,40.391836],[-80.009793,40.391816]]],[[[-79.998977,40.390151],[-79.997843,40.390117],[-79.997827,40.390114],[-79.997814,40.390104],[-79.997812,40.39008],[-79.997823,40.390069],[-79.997846,40.390064],[-79.998964,40.390098],[-79.999406,40.390007],[-79.999415,40.390061],[-79.998977,40.390151]]]]},"properties":{"WETLAND_TYPE":"Riverine"}},{"type":"Feature","geometry":{"type":"MultiPolygon","coordinates":[[[[-80.014068,40.396847],[-80.01397,40.396842],[-80.013886,40.396858],[-80.01361,40.396953],[-80.012945,40.397279],[-80.012837,40.397323],[-80.01269,40.39741],[-80.012526,40.39752],[-80.012353,40.397658],[-80.011779,40.398068],[-80.011384,40.398325],[-80.011214,40.398483],[-80.010969,40.398734],[-80.010674,40.398966],[-80.010473,40.399163],[-80.010314,40.399301],[-80.010248,40.399343],[-80.010139,40.399446],[-80.009983,40.399551],[-80.009889,40.399596],[-80.009848,40.399609],[-80.00982,40.39963],[-80.009795,40.399635],[-80.009616,40.399724],[-80.009385,40.399808],[-80.009254,40.399875],[-80.009035,40.399929],[-80.008489,40.400095],[-80.008066,40.400186],[-80.007921,40.400234],[-80.007675,40.400273],[-80.007464,40.400333],[-80.007216,40.400431],[-80.007203,40.400441],[-80.007166,40.400456],[-80.006828,40.400626],[-80.006271,40.400703],[-80.006148,40.400707],[-80.006019,40.400736],[-80.005889,40.400789],[-80.005665,40.400841],[-80.005601,40.40086],[-80.005358,40.400885],[-80.004585,40.400879],[-80.004398,40.400894],[-80.003656,40.401111],[-80.002939,40.401375],[-80.002905,40.401378],[-80.002863,40.401398],[-80.002648,40.401455],[-80.002282,40.401564],[-80.00217,40.401591],[-80.00164,40.401685],[-80.001457,40.401734],[-80.001243,40.401759],[-80.001004,40.401808],[-80.001009,40.401784],[-80.000998,40.401754],[-80.001229,40.401706],[-80.001442,40.401682],[-80.001622,40.401634],[-80.002152,40.401539],[-80.002257,40.401514],[-80.002623,40.401405],[-80.002835,40.401349],[-80.002879,40.401327],[-80.002915,40.401324],[-80.003629,40.401062],[-80.004376,40.400843],[-80.004583,40.400825],[-80.005356,40.400832],[-80.005587,40.400807],[-80.005642,40.40079],[-80.005862,40.400739],[-80.005993,40.400686],[-80.006132,40.400655],[-80.00626,40.40065],[-80.006803,40.400575],[-80.007128,40.40041],[-80.007159,40.400399],[-80.00717,40.400388],[-80.007437,40.400284],[-80.007652,40.400223],[-80.007898,40.400184],[-80.008044,40.400135],[-80.008465,40.400045],[-80.00901,40.399878],[-80.009223,40.399827],[-80.009349,40.399762],[-80.00958,40.399678],[-80.009765,40.399586],[-80.009784,40.399581],[-80.00981,40.399563],[-80.009854,40.399549],[-80.009943,40.399507],[-80.010089,40.399408],[-80.010195,40.399307],[-80.010262,40.399264],[-80.010418,40.399128],[-80.01062,40.398932],[-80.010914,40.3987],[-80.011157,40.398451],[-80.011331,40.398289],[-80.01173,40.398029],[-80.012303,40.39762],[-80.012478,40.397481],[-80.012644,40.397369],[-80.0128,40.397278],[-80.012907,40.397234],[-80.013578,40.396905],[-80.013861,40.396807],[-80.013964,40.396788],[-80.014081,40.396794],[-80.01413,40.396806],[-80.014108,40.396857],[-80.014068,40.396847]]],[[[-80.01418,40.396819],[-80.014254,40.396847],[-80.014514,40.396913],[-80.014591,40.396943],[-80.014604,40.396957],[-80.014688,40.396996],[-80.014936,40.397091],[-80.015139,40.397146],[-80.015289,40.397163],[-80.01535,40.397186],[-80.01536,40.397203],[-80.015356,40.397217],[-80.015339,40.39723],[-80.015315,40.397231],[-80.015263,40.397213],[-80.015118,40.397197],[-80.014906,40.39714],[-80.014653,40.397043],[-80.014552,40.396996],[-80.014537,40.396982],[-80.014484,40.396962],[-80.014228,40.396897],[-80.014154,40.396869],[-80.014108,40.396857],[-80.01413,40.396806],[-80.01418,40.396819]]]]},"properties":{"WETLAND_TYPE":"Riverine"}},{"type":"Feature","geometry":{"type":"Polygon","coordinates":[[[-79.903388,40.371956],[-79.903345,40.371968],[-79.903326,40.371926],[-79.903388,40.371956]]]},"properties":{"WETLAND_TYPE":"Riverine"}},{"type":"Feature","geometry":{"type":"MultiPolygon","coordinates":[[[[-79.906752,40.3618],[-79.906366,40.361983],[-79.906134,40.362081],[-79.906052,40.3621],[-79.905983,40.362132],[-79.905825,40.36217],[-79.905516,40.362258],[-79.905203,40.362336],[-79.90512,40.362349],[-79.905088,40.362359],[-79.904959,40.362375],[-79.9049,40.362391],[-79.904868,40.362324],[-79.904938,40.362305],[-79.905066,40.362289],[-79.905096,40.36228],[-79.905175,40.362267],[-79.905485,40.36219],[-79.90563,40.362149],[-79.905797,40.362136],[-79.905903,40.362104],[-79.906803,40.361722],[-79.906823,40.36176],[-79.906752,40.3618]]],[[[-79.90691,40.361712],[-79.906823,40.36176],[-79.906803,40.361722],[-79.907016,40.361632],[-79.90691,40.361712]]]]},"properties":{"WETLAND_TYPE":"Riverine"}},{"type":"Feature","geometry":{"type":"Polygon","coordinates":[[[-79.887763,40.489012],[-79.88918,40.489295],[-79.889258,40.489307],[-79.889309,40.489322],[-79.889348,40.48934],[-79.889381,40.489364],[-79.889405,40.489393],[-79.889424,40.489439],[-79.889426,40.489495],[-79.888966,40.49043],[-79.88879,40.490609],[-79.88721,40.490255],[-79.886854,40.490141],[-79.885469,40.490014],[-79.885065,40.490013],[-79.884958,40.48909],[-79.887763,40.489012]]]},"properties":{"WETLAND_TYPE":"Freshwater Pond"}},{"type":"Feature","geometry":{"type":"Polygon","coordinates":[[[-79.890269,40.489637],[-79.890363,40.489716],[-79.890004,40.490698],[-79.889992,40.490751],[-79.889974,40.490787],[-79.889948,40.490819],[-79.88992,40.490842],[-79.889886,40.490862],[-79.889803,40.490891],[-79.889313,40.490777],[-79.889258,40.490787],[-79.889207,40.490789],[-79.889165,40.490783],[-79.889131,40.490769],[-79.889107,40.49075],[-79.88909,40.490727],[-79.88907,40.490662],[-79.889468,40.489703],[-79.889623,40.489518],[-79.890269,40.489637]]]},"properties":{"WETLAND_TYPE":"Freshwater Pond"}},{"type":"Feature","geometry":{"type":"Polygon","coordinates":[[[-79.891914,40.491381],[-79.891688,40.491385],[-79.890123,40.490965],[-79.89012,40.49078],[-79.890633,40.489763],[-79.894728,40.49095],[-79.894776,40.49095],[-79.894815,40.490957],[-79.894847,40.490971],[-79.894873,40.490993],[-79.894892,40.491021],[-79.894905,40.491057],[-79.894842,40.491336],[-79.894651,40.491581],[-79.891914,40.491381]]]},"properties":{"WETLAND_TYPE":"Freshwater Pond"}},{"type":"Feature","geometry":{"type":"Polygon","coordinates":[[[-79.911308,40.479831],[-79.91138,40.479833],[-79.911447,40.479844],[-79.911522,40.479862],[-79.911573,40.479882],[-79.911604,40.479901],[-79.911628,40.479928],[-79.911648,40.479965],[-79.911662,40.480008],[-79.911678,40.480109],[-79.911672,40.480164],[-79.911645,40.480231],[-79.911567,40.480365],[-79.911539,40.480421],[-79.911525,40.480472],[-79.911518,40.480558],[-79.911522,40.480659],[-79.91154,40.480753],[-79.91156,40.480803],[-79.911618,40.48091],[-79.911635,40.48096],[-79.91164,40.481026],[-79.911633,40.481101],[-79.911606,40.4812],[-79.911566,40.481282],[-79.911502,40.48137],[-79.91142,40.481457],[-79.911241,40.481612],[-79.911156,40.481673],[-79.91111,40.481696],[-79.911065,40.481712],[-79.911023,40.481718],[-79.910979,40.481717],[-79.910906,40.481704],[-79.910869,40.481687],[-79.910852,40.481661],[-79.910857,40.481623],[-79.910878,40.481586],[-79.910914,40.481538],[-79.911093,40.481345],[-79.911159,40.481264],[-79.911201,40.481192],[-79.911215,40.481132],[-79.911208,40.481067],[-79.911182,40.480992],[-79.911041,40.480732],[-79.910997,40.480623],[-79.910988,40.480568],[-79.910984,40.480473],[-79.910989,40.480384],[-79.911001,40.480301],[-79.911036,40.48016],[-79.911308,40.479831]]]},"properties":{"WETLAND_TYPE":"Freshwater Pond"}},{"type":"Feature","geometry":{"type":"Polygon","coordinates":[[[-79.993185,40.378571],[-79.993238,40.378567],[-79.994012,40.378572],[-79.99401,40.378584],[-79.993966,40.378625],[-79.99324,40.37862],[-79.99303,40.37864],[-79.993185,40.378571]]]},"properties":{"WETLAND_TYPE":"Riverine"}},{"type":"Feature","geometry":{"type":"MultiPolygon","coordinates":[[[[-79.981187,40.406775],[-79.98111,40.406819],[-79.981059,40.406873],[-79.980861,40.407022],[-79.980845,40.407027],[-79.980666,40.407048],[-79.980648,40.407047],[-79.980556,40.407022],[-79.98031,40.406879],[-79.980236,40.406849],[-79.97982,40.406724],[-79.979663,40.406657],[-79.97915,40.406394],[-79.979013,40.406284],[-79.978943,40.406244],[-79.978809,40.40623],[-79.978767,40.406218],[-79.978708,40.406175],[-79.978646,40.406112],[-79.978538,40.405958],[-79.978258,40.405619],[-79.978226,40.405487],[-79.978161,40.405397],[-79.97797,40.405301],[-79.977886,40.40527],[-79.977648,40.405124],[-79.977424,40.404955],[-79.977217,40.404832],[-79.977056,40.404695],[-79.976897,40.404671],[-79.976769,40.404628],[-79.976541,40.404501],[-79.976488,40.404488],[-79.976436,40.404461],[-79.976179,40.40429],[-79.976088,40.404267],[-79.975905,40.404199],[-79.97588,40.404194],[-79.975903,40.404143],[-79.975933,40.404149],[-79.976118,40.404218],[-79.976217,40.404244],[-79.976478,40.404418],[-79.976515,40.404438],[-79.976579,40.404455],[-79.976805,40.404581],[-79.97692,40.404621],[-79.977081,40.404644],[-79.977097,40.404649],[-79.977264,40.404792],[-79.977471,40.404914],[-79.977695,40.405084],[-79.977927,40.405227],[-79.978005,40.405254],[-79.978213,40.405359],[-79.978294,40.405469],[-79.978323,40.405595],[-79.9786,40.405931],[-79.978707,40.406085],[-79.978762,40.40614],[-79.978805,40.406172],[-79.978823,40.406178],[-79.978974,40.406195],[-79.979063,40.406246],[-79.979196,40.406353],[-79.979702,40.406612],[-79.979849,40.406675],[-79.980268,40.406801],[-79.980352,40.406835],[-79.980591,40.406975],[-79.980664,40.406994],[-79.980823,40.406976],[-79.981006,40.406836],[-79.981063,40.406779],[-79.981154,40.406728],[-79.98131,40.406688],[-79.981299,40.406748],[-79.981187,40.406775]]],[[[-79.984224,40.405996],[-79.984112,40.406053],[-79.984034,40.406076],[-79.983854,40.406102],[-79.983591,40.406213],[-79.983462,40.406222],[-79.983196,40.406202],[-79.982913,40.406221],[-79.982624,40.406366],[-79.982528,40.406376],[-79.98237,40.406366],[-79.981951,40.406531],[-79.981664,40.40657],[-79.981609,40.406592],[-79.981524,40.406667],[-79.981435,40.406713],[-79.981299,40.406748],[-79.98131,40.406688],[-79.981399,40.406666],[-79.981477,40.406626],[-79.981562,40.406551],[-79.981635,40.40652],[-79.981927,40.40648],[-79.982351,40.406313],[-79.982527,40.406322],[-79.982601,40.406315],[-79.982892,40.406169],[-79.983196,40.406148],[-79.983462,40.406168],[-79.983572,40.406161],[-79.98383,40.406052],[-79.984012,40.406025],[-79.984077,40.406006],[-79.984144,40.405972],[-79.984273,40.405977],[-79.984296,40.405978],[-79.984224,40.405996]]],[[[-79.984188,40.40595],[-79.98428,40.405926],[-79.984349,40.405895],[-79.984407,40.40583],[-79.984476,40.405714],[-79.984496,40.405652],[-79.984662,40.405486],[-79.984795,40.40538],[-79.985071,40.405252],[-79.985191,40.405243],[-79.985257,40.405194],[-79.985337,40.405099],[-79.985364,40.40509],[-79.98539,40.405099],[-79.9854,40.405114],[-79.985394,40.405131],[-79.985313,40.405228],[-79.985231,40.405288],[-79.985209,40.405296],[-79.985096,40.405303],[-79.984841,40.405422],[-79.984717,40.40552],[-79.984558,40.405679],[-79.984544,40.405731],[-79.984471,40.405854],[-79.9844,40.405933],[-79.984296,40.405978],[-79.984144,40.405972],[-79.984188,40.40595]]]]},"properties":{"WETLAND_TYPE":"Riverine"}},{"type":"Feature","geometry":{"type":"MultiPolygon","coordinates":[[[[-79.979656,40.398424],[-79.979792,40.398836],[-79.979812,40.398937],[-79.979828,40.398953],[-79.979842,40.39905],[-79.979869,40.399079],[-79.979905,40.399161],[-79.979959,40.39923],[-79.980148,40.3994],[-79.980193,40.39948],[-79.98031,40.400041],[-79.980318,40.400374],[-79.980304,40.400515],[-79.980304,40.400685],[-79.980189,40.40109],[-79.980001,40.401453],[-79.979833,40.401685],[-79.979564,40.401993],[-79.979391,40.402141],[-79.979313,40.402194],[-79.979177,40.40235],[-79.979059,40.402422],[-79.97881,40.402519],[-79.978624,40.402628],[-79.978506,40.402637],[-79.97837,40.402642],[-79.97845,40.402586],[-79.978596,40.402577],[-79.978772,40.402473],[-79.979022,40.402377],[-79.979122,40.402315],[-79.979258,40.402159],[-79.979339,40.402104],[-79.979508,40.40196],[-79.979772,40.401658],[-79.979935,40.401432],[-79.98012,40.401077],[-79.980233,40.400678],[-79.980232,40.400514],[-79.980247,40.400373],[-79.98024,40.400048],[-79.980125,40.399498],[-79.980086,40.399427],[-79.9799,40.399259],[-79.979842,40.399186],[-79.979804,40.399103],[-79.979773,40.399066],[-79.97976,40.398974],[-79.979745,40.398959],[-79.979722,40.398848],[-79.979586,40.398433],[-79.979591,40.398301],[-79.979663,40.39828],[-79.979656,40.398424]]],[[[-79.980016,40.398092],[-79.979812,40.398086],[-79.979768,40.398096],[-79.979687,40.39815],[-79.979663,40.398198],[-79.979663,40.39828],[-79.979591,40.398301],[-79.979593,40.398188],[-79.979623,40.398125],[-79.979633,40.398114],[-79.97973,40.39805],[-79.979803,40.398033],[-79.980005,40.398039],[-79.980071,40.398027],[-79.980095,40.398078],[-79.980016,40.398092]]],[[[-79.982671,40.397355],[-79.98265,40.397375],[-79.98255,40.397392],[-79.982342,40.39749],[-79.982208,40.397575],[-79.982088,40.397584],[-79.981731,40.397558],[-79.981476,40.397574],[-79.98134,40.397573],[-79.981227,40.397588],[-79.980989,40.397682],[-79.980924,40.397718],[-79.980871,40.397732],[-79.98074,40.397796],[-79.98046,40.397963],[-79.980123,40.398073],[-79.980095,40.398078],[-79.980071,40.398027],[-79.980098,40.398023],[-79.980428,40.397916],[-79.9807,40.397752],[-79.980837,40.397685],[-79.980889,40.397671],[-79.980952,40.397636],[-79.981202,40.397538],[-79.981337,40.397519],[-79.981472,40.39752],[-79.981731,40.397504],[-79.982091,40.39753],[-79.982184,40.397523],[-79.98224,40.397486],[-79.982246,40.397484],[-79.982671,40.397355]]],[[[-79.982298,40.397449],[-79.982528,40.397341],[-79.982636,40.397323],[-79.982659,40.397329],[-79.98267,40.39734],[-79.982671,40.397355],[-79.98224,40.397486],[-79.982298,40.397449]]]]},"properties":{"WETLAND_TYPE":"Riverine"}},{"type":"Feature","geometry":{"type":"MultiPolygon","coordinates":[[[[-79.965278,40.410609],[-79.965383,40.410667],[-79.965539,40.410793],[-79.96567,40.410963],[-79.965972,40.411245],[-79.966024,40.411301],[-79.966051,40.411352],[-79.966157,40.411411],[-79.966322,40.411485],[-79.966603,40.411631],[-79.966784,40.411751],[-79.966897,40.411759],[-79.966919,40.411748],[-79.966986,40.411743],[-79.967111,40.41177],[-79.96717,40.411808],[-79.967305,40.411947],[-79.967448,40.412025],[-79.967479,40.412035],[-79.967559,40.412028],[-79.967605,40.412002],[-79.96768,40.412002],[-79.967699,40.412009],[-79.967805,40.412084],[-79.968039,40.412101],[-79.968181,40.412162],[-79.968276,40.412258],[-79.968358,40.412315],[-79.968481,40.412324],[-79.968707,40.412321],[-79.969181,40.412277],[-79.969269,40.41225],[-79.969405,40.412127],[-79.96948,40.412094],[-79.969541,40.412095],[-79.969677,40.412123],[-79.969865,40.412124],[-79.970194,40.412114],[-79.970382,40.412134],[-79.970573,40.412177],[-79.970701,40.412242],[-79.970922,40.412296],[-79.971037,40.412308],[-79.97118,40.412354],[-79.971235,40.412383],[-79.971529,40.412491],[-79.971992,40.41254],[-79.972576,40.412652],[-79.972659,40.412641],[-79.972779,40.412611],[-79.972799,40.412611],[-79.972885,40.412627],[-79.973087,40.412728],[-79.973153,40.412747],[-79.973371,40.412719],[-79.97351,40.412743],[-79.973703,40.412858],[-79.973909,40.412881],[-79.974096,40.412977],[-79.974183,40.413032],[-79.974295,40.413083],[-79.974489,40.413093],[-79.974505,40.413098],[-79.974563,40.413152],[-79.974584,40.413249],[-79.97461,40.413272],[-79.97468,40.413304],[-79.974739,40.413316],[-79.974773,40.413312],[-79.974958,40.413318],[-79.975078,40.413303],[-79.975141,40.41328],[-79.975176,40.41328],[-79.975311,40.413295],[-79.975396,40.413322],[-79.975504,40.413413],[-79.975593,40.413537],[-79.975655,40.413585],[-79.975774,40.413619],[-79.975903,40.413636],[-79.976012,40.413678],[-79.976154,40.413763],[-79.976278,40.413899],[-79.976314,40.413979],[-79.976359,40.414023],[-79.976431,40.414069],[-79.976561,40.414114],[-79.976815,40.414178],[-79.977175,40.414219],[-79.977263,40.414252],[-79.977352,40.414308],[-79.977475,40.414432],[-79.977482,40.414444],[-79.97748,40.414457],[-79.97746,40.414473],[-79.977443,40.414475],[-79.977426,40.41447],[-79.977298,40.414344],[-79.977225,40.414298],[-79.977148,40.414269],[-79.976796,40.414229],[-79.976536,40.414164],[-79.976394,40.414115],[-79.976306,40.414059],[-79.976254,40.414008],[-79.976214,40.413923],[-79.976105,40.413802],[-79.975975,40.413724],[-79.975876,40.413685],[-79.975753,40.41367],[-79.975613,40.413629],[-79.975535,40.413569],[-79.975448,40.413446],[-79.975355,40.413366],[-79.975295,40.413347],[-79.975173,40.413333],[-79.975155,40.413333],[-79.975095,40.413355],[-79.97496,40.413372],[-79.974775,40.413366],[-79.974733,40.41337],[-79.974651,40.413354],[-79.974564,40.413313],[-79.97452,40.413275],[-79.974495,40.413172],[-79.974468,40.413146],[-79.974271,40.413134],[-79.974144,40.413077],[-79.974054,40.413021],[-79.973876,40.412929],[-79.973674,40.412908],[-79.973485,40.412794],[-79.973371,40.412773],[-79.973146,40.412802],[-79.973052,40.412775],[-79.972854,40.412676],[-79.972792,40.412664],[-79.972674,40.412693],[-79.972571,40.412706],[-79.971979,40.412593],[-79.971514,40.412544],[-79.971201,40.412431],[-79.971148,40.412402],[-79.971013,40.412359],[-79.970903,40.412348],[-79.970674,40.412292],[-79.970547,40.412227],[-79.970368,40.412187],[-79.970187,40.412167],[-79.969867,40.412178],[-79.969671,40.412176],[-79.96953,40.412148],[-79.969495,40.412148],[-79.969451,40.412168],[-79.969314,40.412292],[-79.969195,40.412329],[-79.96871,40.412375],[-79.96848,40.412377],[-79.968328,40.412365],[-79.968222,40.412294],[-79.968132,40.412201],[-79.968015,40.412152],[-79.967775,40.412135],[-79.96766,40.412055],[-79.967629,40.412054],[-79.967582,40.41208],[-79.967477,40.412089],[-79.967459,40.412087],[-79.967409,40.41207],[-79.967254,40.411985],[-79.967116,40.411843],[-79.967075,40.411817],[-79.966981,40.411797],[-79.966945,40.411799],[-79.966931,40.41181],[-79.966915,40.411814],[-79.96675,40.411799],[-79.96656,40.411675],[-79.966282,40.411529],[-79.966116,40.411455],[-79.966,40.411391],[-79.965988,40.411379],[-79.965961,40.411327],[-79.965914,40.411276],[-79.965613,40.410995],[-79.965483,40.410826],[-79.965336,40.410708],[-79.965241,40.410655],[-79.965135,40.41061],[-79.965181,40.410568],[-79.965278,40.410609]]],[[[-79.963707,40.409677],[-79.963916,40.40991],[-79.963963,40.409948],[-79.9641,40.410036],[-79.964533,40.410169],[-79.964807,40.410278],[-79.964874,40.410341],[-79.964917,40.410418],[-79.964948,40.410449],[-79.965064,40.410518],[-79.965181,40.410568],[-79.965135,40.41061],[-79.965027,40.410564],[-79.964895,40.410485],[-79.964855,40.410445],[-79.964812,40.410368],[-79.964762,40.41032],[-79.964505,40.410218],[-79.964064,40.410082],[-79.963915,40.409988],[-79.963858,40.409942],[-79.963639,40.409697],[-79.963615,40.409491],[-79.963687,40.4095],[-79.963707,40.409677]]]]},"properties":{"WETLAND_TYPE":"Riverine"}},{"type":"Feature","geometry":{"type":"Polygon","coordinates":[[[-79.980559,40.393538],[-79.980753,40.393609],[-79.98076,40.393659],[-79.980753,40.39373],[-79.980696,40.393829],[-79.98053,40.393951],[-79.980386,40.394028],[-79.9803,40.394094],[-79.980185,40.39411],[-79.980106,40.394105],[-79.979933,40.393995],[-79.979933,40.39394],[-79.980084,40.393769],[-79.980257,40.393653],[-79.980372,40.393587],[-79.980465,40.393543],[-79.980559,40.393538]]]},"properties":{"WETLAND_TYPE":"Freshwater Pond"}},{"type":"Feature","geometry":{"type":"Polygon","coordinates":[[[-79.979962,40.394215],[-79.980013,40.394226],[-79.980085,40.394308],[-79.980085,40.394374],[-79.980042,40.394507],[-79.979999,40.394589],[-79.979941,40.394666],[-79.979761,40.394782],[-79.979675,40.394853],[-79.979596,40.394865],[-79.979495,40.39487],[-79.979395,40.394881],[-79.979344,40.394821],[-79.979337,40.394788],[-79.979373,40.394562],[-79.979524,40.394446],[-79.979553,40.394435],[-79.97956,40.394402],[-79.979603,40.394364],[-79.979639,40.394314],[-79.979768,40.394221],[-79.979898,40.394209],[-79.979962,40.394215]]]},"properties":{"WETLAND_TYPE":"Freshwater Pond"}},{"type":"Feature","geometry":{"type":"Polygon","coordinates":[[[-79.946979,40.436934],[-79.947209,40.436764],[-79.947389,40.43672],[-79.947482,40.436698],[-79.947691,40.436665],[-79.948324,40.436615],[-79.948367,40.436582],[-79.948461,40.436532],[-79.94849,40.436483],[-79.948526,40.436439],[-79.94859,40.436411],[-79.948713,40.436384],[-79.948813,40.436395],[-79.948885,40.436411],[-79.948907,40.43645],[-79.948914,40.436494],[-79.948914,40.436653],[-79.948928,40.436703],[-79.948943,40.436813],[-79.94895,40.436929],[-79.94895,40.437193],[-79.948929,40.437242],[-79.948857,40.437242],[-79.948655,40.437215],[-79.948497,40.437209],[-79.948295,40.43716],[-79.948188,40.437143],[-79.948058,40.437116],[-79.947856,40.437094],[-79.947669,40.437099],[-79.947302,40.437122],[-79.947123,40.437099],[-79.947087,40.437099],[-79.946935,40.436995],[-79.946979,40.436934]]]},"properties":{"WETLAND_TYPE":"Freshwater Pond"}},{"type":"Feature","geometry":{"type":"Polygon","coordinates":[[[-79.942131,40.379674],[-79.942007,40.379604],[-79.941816,40.379541],[-79.941705,40.379475],[-79.941478,40.379299],[-79.94126,40.379186],[-79.941098,40.379123],[-79.940966,40.379085],[-79.940881,40.379032],[-79.940808,40.378955],[-79.940764,40.378859],[-79.940702,40.378772],[-79.940569,40.378644],[-79.940442,40.378554],[-79.940249,40.378431],[-79.940074,40.378289],[-79.93982,40.378104],[-79.939492,40.377962],[-79.939063,40.377743],[-79.938895,40.377685],[-79.938575,40.377615],[-79.938449,40.377577],[-79.938121,40.377423],[-79.937489,40.377011],[-79.937503,40.37695],[-79.938161,40.377379],[-79.938479,40.377528],[-79.938597,40.377564],[-79.93892,40.377635],[-79.939098,40.377697],[-79.939531,40.377917],[-79.939864,40.378062],[-79.940125,40.378251],[-79.940297,40.378392],[-79.940489,40.378514],[-79.940623,40.378608],[-79.940763,40.378744],[-79.94083,40.378839],[-79.940872,40.378931],[-79.940931,40.378993],[-79.941002,40.379038],[-79.941129,40.379075],[-79.941296,40.37914],[-79.941521,40.379256],[-79.941755,40.379436],[-79.941856,40.379497],[-79.942046,40.379559],[-79.942177,40.379633],[-79.94233,40.379737],[-79.94224,40.379748],[-79.942131,40.379674]]]},"properties":{"WETLAND_TYPE":"Riverine"}},{"type":"Feature","geometry":{"type":"MultiPolygon","coordinates":[[[[-79.933141,40.395992],[-79.933107,40.395981],[-79.933086,40.395985],[-79.93307,40.395995],[-79.932856,40.393543],[-79.932928,40.393539],[-79.933141,40.395992]]],[[[-79.932588,40.39046],[-79.932614,40.390469],[-79.93266,40.390467],[-79.932928,40.393539],[-79.932856,40.393543],[-79.932588,40.39046]]]]},"properties":{"WETLAND_TYPE":"Riverine"}},{"type":"Feature","geometry":{"type":"Polygon","coordinates":[[[-79.926371,40.375018],[-79.926419,40.375151],[-79.926435,40.375172],[-79.926455,40.375272],[-79.926471,40.375292],[-79.926471,40.375353],[-79.92655,40.375658],[-79.926565,40.375808],[-79.926615,40.376041],[-79.926601,40.376425],[-79.926536,40.376831],[-79.926536,40.376901],[-79.926433,40.377256],[-79.925873,40.378476],[-79.925835,40.37853],[-79.925785,40.378585],[-79.925697,40.378648],[-79.925579,40.378698],[-79.925512,40.37874],[-79.925453,40.378789],[-79.925393,40.37888],[-79.925373,40.379065],[-79.925497,40.379234],[-79.925584,40.379399],[-79.925632,40.379463],[-79.925699,40.379523],[-79.925835,40.3796],[-79.926223,40.37987],[-79.926305,40.379931],[-79.926411,40.380039],[-79.926449,40.380124],[-79.926427,40.380289],[-79.926311,40.380512],[-79.926248,40.380599],[-79.926248,40.380637],[-79.926491,40.380856],[-79.926825,40.381127],[-79.926879,40.381157],[-79.931281,40.383259],[-79.931647,40.383251],[-79.931897,40.383253],[-79.932078,40.383269],[-79.932217,40.383302],[-79.93245,40.383336],[-79.932707,40.383449],[-79.932831,40.383536],[-79.932866,40.383547],[-79.933032,40.38358],[-79.933069,40.383594],[-79.933046,40.383623],[-79.933044,40.383645],[-79.933007,40.383631],[-79.932846,40.383598],[-79.932794,40.383582],[-79.932668,40.383493],[-79.932426,40.383387],[-79.932202,40.383354],[-79.932065,40.383321],[-79.93189,40.383307],[-79.931648,40.383304],[-79.931272,40.383312],[-79.931252,40.383308],[-79.926838,40.381201],[-79.926775,40.381165],[-79.926438,40.380892],[-79.926182,40.38066],[-79.926177,40.380646],[-79.926179,40.380583],[-79.926245,40.380491],[-79.926357,40.380277],[-79.926378,40.380129],[-79.926346,40.380061],[-79.92625,40.379966],[-79.926173,40.379909],[-79.925788,40.37964],[-79.925652,40.379563],[-79.925575,40.379496],[-79.925519,40.37942],[-79.925434,40.379259],[-79.925305,40.379083],[-79.925301,40.379068],[-79.925323,40.378867],[-79.925391,40.378762],[-79.925465,40.3787],[-79.925541,40.378653],[-79.925653,40.378606],[-79.925733,40.378548],[-79.925807,40.378456],[-79.926365,40.37724],[-79.926465,40.376894],[-79.926465,40.376826],[-79.92653,40.376422],[-79.926544,40.376043],[-79.926494,40.375816],[-79.926479,40.375666],[-79.926401,40.37536],[-79.9264,40.375306],[-79.926386,40.375287],[-79.926366,40.375189],[-79.926351,40.375168],[-79.926299,40.375022],[-79.926371,40.375018]]]},"properties":{"WETLAND_TYPE":"Riverine"}},{"type":"Feature","geometry":{"type":"Polygon","coordinates":[[[-79.910661,40.443401],[-79.910827,40.44344],[-79.91087,40.443462],[-79.910877,40.443478],[-79.910942,40.443517],[-79.910992,40.443594],[-79.911035,40.443759],[-79.911021,40.443814],[-79.910913,40.443896],[-79.910826,40.443918],[-79.910769,40.443913],[-79.910668,40.443858],[-79.910639,40.443825],[-79.910589,40.443676],[-79.91056,40.443632],[-79.910532,40.443539],[-79.910503,40.443478],[-79.910546,40.443429],[-79.910582,40.443407],[-79.910661,40.443401]]]},"properties":{"WETLAND_TYPE":"Freshwater Pond"}},{"type":"Feature","geometry":{"type":"MultiPolygon","coordinates":[[[[-79.994403,40.380996],[-79.99444,40.381039],[-79.994562,40.381133],[-79.994627,40.381163],[-79.994677,40.381167],[-79.994865,40.381165],[-79.995117,40.381177],[-79.995138,40.381184],[-79.995151,40.381198],[-79.995154,40.381215],[-79.99515,40.381226],[-79.995135,40.38124],[-79.995112,40.381247],[-79.994862,40.381236],[-79.994671,40.381239],[-79.994593,40.381231],[-79.994501,40.381189],[-79.994367,40.381084],[-79.99432,40.381031],[-79.99425,40.380861],[-79.994181,40.380743],[-79.994089,40.380628],[-79.993952,40.380476],[-79.993925,40.380437],[-79.994353,40.380871],[-79.994403,40.380996]]],[[[-79.993496,40.37938],[-79.993494,40.379447],[-79.993515,40.379596],[-79.993585,40.379802],[-79.993639,40.379878],[-79.993732,40.379983],[-79.993906,40.380229],[-79.99395,40.380317],[-79.994034,40.38044],[-79.994168,40.380588],[-79.994264,40.380708],[-79.994338,40.380834],[-79.994353,40.380871],[-79.993925,40.380437],[-79.993864,40.380348],[-79.99382,40.38026],[-79.993651,40.380019],[-79.993557,40.379914],[-79.993496,40.379827],[-79.993421,40.379609],[-79.993399,40.379449],[-79.993399,40.379383],[-79.993496,40.37938]]],[[[-79.994568,40.376134],[-79.994561,40.376215],[-79.994583,40.376529],[-79.994576,40.376555],[-79.994611,40.376789],[-79.994633,40.376843],[-79.994654,40.37702],[-79.994624,40.377132],[-79.994359,40.377765],[-79.994153,40.37821],[-79.994102,40.378607],[-79.994093,40.378621],[-79.993857,40.378839],[-79.993723,40.378975],[-79.993685,40.379027],[-79.993668,40.379037],[-79.993569,40.379203],[-79.99354,40.379231],[-79.993496,40.37938],[-79.993399,40.379383],[-79.993452,40.379202],[-79.993484,40.37917],[-79.993592,40.37899],[-79.993613,40.378977],[-79.993644,40.378934],[-79.993781,40.378796],[-79.99401,40.378584],[-79.994061,40.378191],[-79.994269,40.377743],[-79.994532,40.377112],[-79.994559,40.377011],[-79.994539,40.376854],[-79.994517,40.376801],[-79.994481,40.376557],[-79.994487,40.376527],[-79.994466,40.376215],[-79.994473,40.376133],[-79.994467,40.375772],[-79.994562,40.375761],[-79.994568,40.376134]]]]},"properties":{"WETLAND_TYPE":"Riverine"}},{"type":"Feature","geometry":{"type":"MultiPolygon","coordinates":[[[[-79.933273,40.390408],[-79.932621,40.39047],[-79.9326,40.390466],[-79.932584,40.390456],[-79.932575,40.390436],[-79.932522,40.389516],[-79.932616,40.3895],[-79.932667,40.390394],[-79.933239,40.39034],[-79.933273,40.390408]]],[[[-79.936865,40.38987],[-79.936612,40.38989],[-79.936485,40.389916],[-79.936108,40.38994],[-79.935662,40.390029],[-79.935457,40.390084],[-79.93495,40.390249],[-79.933273,40.390408],[-79.933239,40.39034],[-79.934932,40.390179],[-79.935421,40.390019],[-79.935632,40.389961],[-79.936092,40.389869],[-79.936473,40.389845],[-79.936595,40.38982],[-79.936857,40.389799],[-79.937275,40.38979],[-79.937296,40.389861],[-79.936865,40.38987]]],[[[-79.949116,40.390819],[-79.948979,40.390732],[-79.948868,40.390686],[-79.948739,40.390671],[-79.948577,40.390609],[-79.948454,40.39057],[-79.948282,40.39055],[-79.948092,40.390507],[-79.947704,40.390364],[-79.947295,40.390276],[-79.947101,40.390261],[-79.946922,40.390264],[-79.946768,40.390288],[-79.946667,40.390332],[-79.946565,40.390359],[-79.946392,40.390358],[-79.946282,40.390386],[-79.946048,40.390481],[-79.946025,40.390486],[-79.945975,40.390485],[-79.945925,40.390472],[-79.945834,40.390407],[-79.945748,40.390381],[-79.945699,40.390387],[-79.945517,40.390426],[-79.945417,40.39043],[-79.945395,40.390424],[-79.945307,40.390376],[-79.945236,40.390357],[-79.94501,40.390368],[-79.94482,40.390322],[-79.944445,40.39034],[-79.944229,40.390373],[-79.944031,40.390426],[-79.943878,40.390444],[-79.943415,40.390412],[-79.943332,40.390402],[-79.94311,40.390317],[-79.94284,40.390114],[-79.942633,40.389973],[-79.942452,40.389822],[-79.942407,40.389793],[-79.942364,40.389787],[-79.942345,40.389774],[-79.942241,40.389762],[-79.941641,40.389828],[-79.941539,40.389854],[-79.941359,40.389879],[-79.941193,40.389883],[-79.941173,40.38988],[-79.941011,40.389825],[-79.940841,40.38979],[-79.93987,40.389776],[-79.9397,40.389761],[-79.939679,40.389755],[-79.939664,40.389743],[-79.939544,40.389583],[-79.939432,40.389487],[-79.939386,40.38947],[-79.939307,40.389469],[-79.938959,40.389507],[-79.938717,40.389477],[-79.938627,40.389477],[-79.938535,40.389494],[-79.93803,40.389494],[-79.937968,40.389504],[-79.937852,40.389575],[-79.937786,40.389645],[-79.9377,40.389765],[-79.937662,40.389807],[-79.937604,40.389845],[-79.937583,40.38985],[-79.937454,40.389858],[-79.937296,40.389861],[-79.937275,40.38979],[-79.937561,40.38978],[-79.937587,40.389763],[-79.937618,40.389729],[-79.937704,40.389609],[-79.937781,40.389528],[-79.937916,40.389443],[-79.937936,40.389436],[-79.938025,40.389422],[-79.938529,40.389422],[-79.938622,40.389405],[-79.938729,40.389407],[-79.938959,40.389435],[-79.939297,40.389398],[-79.939404,40.389399],[-79.939493,40.389431],[-79.93962,40.389539],[-79.939735,40.389692],[-79.939874,40.389705],[-79.940856,40.389719],[-79.941043,40.389758],[-79.941202,40.389811],[-79.941345,40.389809],[-79.941518,40.389784],[-79.941621,40.389758],[-79.942234,40.389691],[-79.942384,40.389707],[-79.94241,40.389721],[-79.942453,40.389729],[-79.942516,40.389769],[-79.942698,40.389921],[-79.942906,40.390063],[-79.943167,40.390259],[-79.943355,40.390333],[-79.943425,40.390341],[-79.943877,40.390372],[-79.94401,40.390356],[-79.944206,40.390304],[-79.94443,40.39027],[-79.944829,40.39025],[-79.945019,40.390297],[-79.945253,40.390286],[-79.945353,40.390314],[-79.945437,40.390359],[-79.945501,40.390356],[-79.945675,40.390318],[-79.945765,40.390309],[-79.945884,40.390345],[-79.945973,40.390409],[-79.946014,40.390414],[-79.946246,40.39032],[-79.946376,40.390288],[-79.946549,40.390288],[-79.94663,40.390266],[-79.946716,40.390228],[-79.947083,40.39019],[-79.947309,40.390205],[-79.947737,40.390297],[-79.948126,40.39044],[-79.948306,40.390481],[-79.948484,40.390502],[-79.948619,40.390545],[-79.948769,40.390603],[-79.948907,40.39062],[-79.949037,40.390675],[-79.94918,40.390766],[-79.949177,40.390873],[-79.949116,40.390819]]],[[[-79.954549,40.390061],[-79.954358,40.39022],[-79.954252,40.390253],[-79.954136,40.390271],[-79.953138,40.390303],[-79.952946,40.390283],[-79.952787,40.390281],[-79.952629,40.390302],[-79.95215,40.390396],[-79.951473,40.390546],[-79.951342,40.390595],[-79.951193,40.390629],[-79.950854,40.390755],[-79.950718,40.390821],[-79.950458,40.390916],[-79.950117,40.390937],[-79.949638,40.390991],[-79.949526,40.390985],[-79.949529,40.390914],[-79.949629,40.39092],[-79.950105,40.390866],[-79.95043,40.390847],[-79.950671,40.390759],[-79.95081,40.390691],[-79.951154,40.390564],[-79.951308,40.390528],[-79.951439,40.390479],[-79.952124,40.390327],[-79.952607,40.390232],[-79.952695,40.390221],[-79.953049,40.390222],[-79.953138,40.390231],[-79.953403,40.390223],[-79.954075,40.390224],[-79.954103,40.390201],[-79.954228,40.390184],[-79.9543,40.390162],[-79.95448,40.390012],[-79.954626,40.389904],[-79.954794,40.38988],[-79.954549,40.390061]]],[[[-79.957598,40.389933],[-79.957565,40.389928],[-79.957457,40.389882],[-79.957681,40.389885],[-79.957739,40.389907],[-79.957743,40.38999],[-79.957598,40.389933]]],[[[-79.940684,40.374707],[-79.940487,40.374792],[-79.940322,40.37487],[-79.940279,40.374897],[-79.940154,40.37496],[-79.940074,40.374989],[-79.939758,40.375167],[-79.939305,40.375325],[-79.93893,40.375521],[-79.938797,40.375612],[-79.938376,40.37593],[-79.937721,40.376564],[-79.937554,40.376797],[-79.937547,40.376844],[-79.937525,40.37688],[-79.937498,40.376968],[-79.937455,40.377186],[-79.937412,40.377529],[-79.937347,40.377853],[-79.937289,40.378056],[-79.937246,40.378311],[-79.937171,40.378458],[-79.9371,40.378552],[-79.936963,40.378682],[-79.93676,40.378849],[-79.93609,40.379285],[-79.935876,40.379463],[-79.93568,40.379607],[-79.935386,40.379807],[-79.93518,40.379877],[-79.934454,40.379942],[-79.934306,40.379987],[-79.934223,40.380031],[-79.933869,40.380334],[-79.933735,40.380469],[-79.933537,40.380738],[-79.933485,40.38083],[-79.93345,40.38087],[-79.933236,40.381229],[-79.933145,40.381413],[-79.933123,40.3815],[-79.932892,40.382026],[-79.932811,40.382173],[-79.932676,40.382378],[-79.932505,40.382683],[-79.932472,40.382822],[-79.932483,40.382901],[-79.932506,40.382913],[-79.93281,40.382852],[-79.93291,40.382848],[-79.932999,40.382855],[-79.933156,40.382894],[-79.933171,40.382904],[-79.933257,40.382985],[-79.933275,40.383076],[-79.933253,40.383356],[-79.933174,40.383602],[-79.933139,40.383644],[-79.933137,40.383693],[-79.93303,40.383952],[-79.932978,40.384121],[-79.932785,40.384421],[-79.932723,40.38466],[-79.932722,40.384932],[-79.932657,40.385265],[-79.932621,40.385391],[-79.932514,40.385985],[-79.932492,40.38604],[-79.932449,40.38636],[-79.932427,40.38643],[-79.932399,40.386602],[-79.932392,40.386823],[-79.932449,40.387299],[-79.932514,40.387707],[-79.932616,40.3895],[-79.932522,40.389516],[-79.932419,40.387711],[-79.932355,40.387306],[-79.932297,40.386828],[-79.932305,40.386595],[-79.932334,40.386418],[-79.932355,40.386351],[-79.932398,40.386027],[-79.93242,40.385971],[-79.932527,40.38538],[-79.932563,40.385253],[-79.932628,40.384924],[-79.932628,40.384649],[-79.932695,40.384397],[-79.932888,40.384097],[-79.932938,40.383932],[-79.933044,40.383677],[-79.933046,40.383623],[-79.933083,40.383578],[-79.933159,40.383345],[-79.93318,40.383077],[-79.933168,40.383014],[-79.933106,40.382957],[-79.932974,40.382924],[-79.932911,40.38292],[-79.932826,40.382923],[-79.932508,40.382987],[-79.93248,40.382986],[-79.93241,40.382949],[-79.932395,40.382935],[-79.932377,40.382821],[-79.932415,40.38266],[-79.932589,40.382349],[-79.932726,40.382142],[-79.932803,40.382001],[-79.933031,40.38148],[-79.933054,40.381391],[-79.933149,40.381201],[-79.933365,40.380838],[-79.933402,40.380795],[-79.933452,40.380705],[-79.933653,40.380432],[-79.933795,40.380288],[-79.93416,40.379977],[-79.93426,40.379924],[-79.934424,40.379874],[-79.935161,40.379807],[-79.935328,40.37975],[-79.935616,40.379554],[-79.935808,40.379413],[-79.936026,40.379233],[-79.936692,40.378799],[-79.93689,40.378636],[-79.937023,40.37851],[-79.937084,40.37843],[-79.937153,40.378297],[-79.937196,40.378044],[-79.937253,40.377841],[-79.937318,40.37752],[-79.93736,40.377179],[-79.937404,40.376956],[-79.937433,40.376859],[-79.937454,40.376826],[-79.937464,40.376774],[-79.937643,40.376523],[-79.938304,40.375884],[-79.938731,40.375561],[-79.93887,40.375466],[-79.939254,40.375265],[-79.939709,40.375105],[-79.940025,40.374928],[-79.940106,40.374898],[-79.940224,40.374839],[-79.940269,40.374811],[-79.940439,40.37473],[-79.940605,40.374659],[-79.940684,40.374707]]]]},"properties":{"WETLAND_TYPE":"Riverine"}},{"type":"Feature","geometry":{"type":"Polygon","coordinates":[[[-79.933114,40.395982],[-79.933141,40.395992],[-79.933153,40.396008],[-79.933382,40.396649],[-79.933383,40.39679],[-79.933373,40.396812],[-79.933288,40.396763],[-79.933289,40.396663],[-79.93306,40.396021],[-79.933063,40.396005],[-79.933074,40.395991],[-79.933093,40.395983],[-79.933114,40.395982]]]},"properties":{"WETLAND_TYPE":"Riverine"}},{"type":"Feature","geometry":{"type":"MultiPolygon","coordinates":[[[[-79.957856,40.410011],[-79.958002,40.409905],[-79.958263,40.409749],[-79.958495,40.409668],[-79.958926,40.409586],[-79.959057,40.409568],[-79.959055,40.409641],[-79.958947,40.409656],[-79.958523,40.409736],[-79.958309,40.409812],[-79.958064,40.40996],[-79.957993,40.41001],[-79.957821,40.410052],[-79.957856,40.410011]]],[[[-79.954505,40.41112],[-79.954211,40.411122],[-79.954195,40.411051],[-79.954481,40.41105],[-79.956213,40.410579],[-79.956328,40.410624],[-79.954505,40.41112]]],[[[-79.962742,40.409706],[-79.962267,40.409758],[-79.962045,40.409805],[-79.961233,40.409955],[-79.960254,40.410087],[-79.960122,40.410106],[-79.960092,40.410121],[-79.959985,40.41013],[-79.95987,40.410113],[-79.959806,40.41008],[-79.95973,40.410011],[-79.959638,40.409874],[-79.959696,40.409914],[-79.959775,40.409919],[-79.959811,40.409974],[-79.959869,40.410026],[-79.959906,40.410046],[-79.959982,40.410058],[-79.960061,40.410052],[-79.960092,40.410038],[-79.960237,40.410016],[-79.961212,40.409886],[-79.962022,40.409736],[-79.962248,40.409688],[-79.962615,40.409687],[-79.962826,40.409679],[-79.962742,40.409706]]],[[[-79.965291,40.408002],[-79.965267,40.40809],[-79.965227,40.408154],[-79.965217,40.408101],[-79.965231,40.40809],[-79.965215,40.407981],[-79.965342,40.407883],[-79.965291,40.408002]]],[[[-79.966734,40.406902],[-79.966708,40.406914],[-79.966494,40.407054],[-79.966223,40.407213],[-79.966127,40.407278],[-79.966458,40.407023],[-79.967029,40.406702],[-79.966734,40.406902]]],[[[-79.968436,40.405921],[-79.967923,40.406212],[-79.967679,40.406336],[-79.968527,40.405859],[-79.968436,40.405921]]]]},"properties":{"WETLAND_TYPE":"Riverine"}},{"type":"Feature","geometry":{"type":"MultiPolygon","coordinates":[[[[-79.907465,40.423961],[-79.907365,40.423975],[-79.907331,40.423999],[-79.907287,40.424062],[-79.907275,40.424099],[-79.907269,40.424224],[-79.907282,40.424506],[-79.907249,40.424627],[-79.907146,40.424751],[-79.907061,40.424835],[-79.907029,40.424898],[-79.907016,40.424952],[-79.906987,40.42534],[-79.906913,40.425711],[-79.906855,40.425828],[-79.906808,40.425887],[-79.906651,40.426],[-79.906539,40.426035],[-79.906323,40.426089],[-79.905837,40.426143],[-79.905745,40.426165],[-79.905634,40.426259],[-79.905562,40.426298],[-79.905448,40.426332],[-79.905269,40.426363],[-79.905054,40.42635],[-79.904969,40.426312],[-79.904868,40.426243],[-79.904587,40.42618],[-79.904392,40.426157],[-79.904099,40.426154],[-79.903863,40.426187],[-79.903452,40.426302],[-79.903215,40.426392],[-79.902703,40.426699],[-79.902526,40.426834],[-79.902374,40.426972],[-79.902359,40.426992],[-79.902172,40.427126],[-79.901987,40.4272],[-79.90186,40.427227],[-79.901723,40.427244],[-79.901345,40.427267],[-79.900903,40.427263],[-79.90068,40.427243],[-79.900443,40.427203],[-79.900271,40.427161],[-79.899486,40.426997],[-79.898908,40.42694],[-79.898724,40.426856],[-79.898513,40.426664],[-79.898434,40.426621],[-79.898341,40.426608],[-79.898243,40.426607],[-79.898009,40.42665],[-79.897914,40.426649],[-79.897819,40.426637],[-79.897569,40.426568],[-79.897309,40.426517],[-79.897238,40.426512],[-79.897027,40.426527],[-79.89691,40.426591],[-79.896783,40.426678],[-79.896719,40.426704],[-79.896342,40.426932],[-79.896249,40.42696],[-79.896227,40.426962],[-79.896127,40.42694],[-79.895964,40.426864],[-79.895886,40.426806],[-79.895583,40.426644],[-79.895416,40.426578],[-79.895166,40.426519],[-79.8948,40.42648],[-79.894613,40.426483],[-79.894224,40.426527],[-79.894183,40.426545],[-79.894016,40.426562],[-79.893615,40.426663],[-79.893315,40.426801],[-79.893183,40.426891],[-79.893042,40.427],[-79.892947,40.427093],[-79.892806,40.427329],[-79.892782,40.427387],[-79.892733,40.427457],[-79.892678,40.427566],[-79.89265,40.427593],[-79.892621,40.427603],[-79.892589,40.427596],[-79.892571,40.427576],[-79.892575,40.427552],[-79.892597,40.427528],[-79.892645,40.42743],[-79.892696,40.427357],[-79.892718,40.427302],[-79.892864,40.427057],[-79.892972,40.426952],[-79.893116,40.426841],[-79.893256,40.426745],[-79.893579,40.426597],[-79.89399,40.426493],[-79.894154,40.426476],[-79.8942,40.426457],[-79.894608,40.426411],[-79.89481,40.426409],[-79.895185,40.426449],[-79.895451,40.426511],[-79.895635,40.426585],[-79.895944,40.42675],[-79.896018,40.426806],[-79.896166,40.426875],[-79.896231,40.426889],[-79.896288,40.426873],[-79.896663,40.426646],[-79.896723,40.426622],[-79.896851,40.426534],[-79.896988,40.42646],[-79.897089,40.426449],[-79.897243,40.426441],[-79.89733,40.426447],[-79.897596,40.426499],[-79.897847,40.426569],[-79.897925,40.426578],[-79.897995,40.426579],[-79.898238,40.426536],[-79.898354,40.426538],[-79.898468,40.426553],[-79.898583,40.426615],[-79.898786,40.426801],[-79.898943,40.426873],[-79.899508,40.426928],[-79.900298,40.427093],[-79.90047,40.427135],[-79.900696,40.427172],[-79.900906,40.427192],[-79.90134,40.427196],[-79.90171,40.427173],[-79.901842,40.427157],[-79.901956,40.427132],[-79.902111,40.427071],[-79.902286,40.426946],[-79.902297,40.42693],[-79.902455,40.426787],[-79.902637,40.426647],[-79.903159,40.426334],[-79.903416,40.426236],[-79.903834,40.426119],[-79.904095,40.426083],[-79.904396,40.426085],[-79.904605,40.42611],[-79.904912,40.426179],[-79.905028,40.426256],[-79.905086,40.426282],[-79.905262,40.426292],[-79.905423,40.426264],[-79.905515,40.426236],[-79.905571,40.426205],[-79.905682,40.42611],[-79.905704,40.4261],[-79.905818,40.426073],[-79.906304,40.426019],[-79.906506,40.425968],[-79.906597,40.42594],[-79.90673,40.425846],[-79.906768,40.4258],[-79.906822,40.42569],[-79.906893,40.425331],[-79.906922,40.424945],[-79.906937,40.424882],[-79.906978,40.4248],[-79.907066,40.424712],[-79.907161,40.424598],[-79.907187,40.424497],[-79.907174,40.424223],[-79.90718,40.424093],[-79.907198,40.424037],[-79.907251,40.423961],[-79.907321,40.42391],[-79.907463,40.423889],[-79.907572,40.423905],[-79.90759,40.423981],[-79.907465,40.423961]],[[-79.906592,40.42599],[-79.906526,40.42601],[-79.906392,40.426043],[-79.906526,40.42601],[-79.906592,40.42599]]],[[[-79.916369,40.41672],[-79.916236,40.416841],[-79.916143,40.416889],[-79.916015,40.416937],[-79.91583,40.417047],[-79.915805,40.417071],[-79.915769,40.417287],[-79.915583,40.417605],[-79.915576,40.417649],[-79.915547,40.417704],[-79.915511,40.417862],[-79.915466,40.417954],[-79.915434,40.417991],[-79.915323,40.418155],[-79.91521,40.418267],[-79.914956,40.418451],[-79.914483,40.418712],[-79.914434,40.41875],[-79.914374,40.418845],[-79.914327,40.418967],[-79.914222,40.419101],[-79.914073,40.419226],[-79.913915,40.419314],[-79.913524,40.41946],[-79.913081,40.419579],[-79.912064,40.419888],[-79.911934,40.419942],[-79.911847,40.419997],[-79.911742,40.420078],[-79.911637,40.420183],[-79.911423,40.420436],[-79.911364,40.420495],[-79.911057,40.420873],[-79.910824,40.421172],[-79.910812,40.421201],[-79.910611,40.421433],[-79.910065,40.422125],[-79.909922,40.422216],[-79.909858,40.42228],[-79.909833,40.422335],[-79.909763,40.422564],[-79.909245,40.423172],[-79.908721,40.423743],[-79.908653,40.42384],[-79.908536,40.423954],[-79.908445,40.424006],[-79.908301,40.424065],[-79.907883,40.424171],[-79.907809,40.424175],[-79.907707,40.42414],[-79.907644,40.424086],[-79.907634,40.424032],[-79.907612,40.423997],[-79.90759,40.423981],[-79.907572,40.423905],[-79.907639,40.423918],[-79.907691,40.423956],[-79.907726,40.424012],[-79.907733,40.424056],[-79.907767,40.424083],[-79.907825,40.424104],[-79.907865,40.424101],[-79.908265,40.423999],[-79.908395,40.423945],[-79.908473,40.4239],[-79.908575,40.4238],[-79.908641,40.423705],[-79.909165,40.423133],[-79.909677,40.422532],[-79.90974,40.422318],[-79.909774,40.422245],[-79.909851,40.422168],[-79.909987,40.422083],[-79.910529,40.421396],[-79.910728,40.421167],[-79.910738,40.421141],[-79.910975,40.420837],[-79.911284,40.420456],[-79.911343,40.420397],[-79.911558,40.420143],[-79.911669,40.420032],[-79.91178,40.419946],[-79.911877,40.419885],[-79.91202,40.419824],[-79.913047,40.419512],[-79.913484,40.419395],[-79.913866,40.419252],[-79.91401,40.419172],[-79.914146,40.419057],[-79.914242,40.418935],[-79.914284,40.41882],[-79.91436,40.418704],[-79.914423,40.418656],[-79.914895,40.418396],[-79.915141,40.418217],[-79.915244,40.418115],[-79.91535,40.417957],[-79.91538,40.417925],[-79.915418,40.417847],[-79.915454,40.417688],[-79.915483,40.417632],[-79.915491,40.417586],[-79.915677,40.417268],[-79.915712,40.417053],[-79.915722,40.417036],[-79.915766,40.416994],[-79.91596,40.416878],[-79.916094,40.416827],[-79.916173,40.416787],[-79.916288,40.416682],[-79.916352,40.416596],[-79.916452,40.416608],[-79.916369,40.41672]]],[[[-79.916607,40.415543],[-79.916626,40.415557],[-79.916756,40.415719],[-79.916777,40.41579],[-79.916769,40.415865],[-79.916712,40.416126],[-79.916674,40.416235],[-79.916461,40.416571],[-79.916461,40.416592],[-79.916452,40.416608],[-79.916352,40.416596],[-79.916366,40.416577],[-79.916371,40.416548],[-79.916584,40.416211],[-79.916619,40.416112],[-79.916675,40.415855],[-79.916682,40.415798],[-79.91667,40.41575],[-79.916552,40.415602],[-79.915877,40.41535],[-79.915853,40.415334],[-79.915928,40.41529],[-79.916607,40.415543]]],[[[-79.915431,40.414977],[-79.915503,40.414931],[-79.915928,40.41529],[-79.915853,40.415334],[-79.915431,40.414977]]]]},"properties":{"WETLAND_TYPE":"Riverine"}},{"type":"Feature","geometry":{"type":"Polygon","coordinates":[[[-79.952419,40.47177],[-79.952529,40.471758],[-79.952597,40.471762],[-79.95262,40.47177],[-79.952644,40.471787],[-79.952669,40.471812],[-79.952684,40.471835],[-79.952695,40.471869],[-79.952698,40.471912],[-79.952692,40.471963],[-79.95268,40.472007],[-79.952665,40.472038],[-79.952644,40.472063],[-79.952611,40.472087],[-79.95258,40.472101],[-79.952553,40.472105],[-79.952521,40.472103],[-79.952453,40.472084],[-79.952409,40.472054],[-79.952376,40.472008],[-79.952367,40.471977],[-79.95237,40.471939],[-79.952392,40.471836],[-79.952419,40.47177]]]},"properties":{"WETLAND_TYPE":"Freshwater Pond"}},{"type":"Feature","geometry":{"type":"Polygon","coordinates":[[[-79.952219,40.472671],[-79.952221,40.472614],[-79.952208,40.472453],[-79.952212,40.47241],[-79.952222,40.472375],[-79.952244,40.472338],[-79.952312,40.472265],[-79.952344,40.472252],[-79.952392,40.472257],[-79.95243,40.472269],[-79.952456,40.472284],[-79.952481,40.472309],[-79.952502,40.472341],[-79.952511,40.47237],[-79.952514,40.472404],[-79.952499,40.472475],[-79.952477,40.472517],[-79.952444,40.47256],[-79.952402,40.472605],[-79.95236,40.472638],[-79.952322,40.472661],[-79.952286,40.472674],[-79.952249,40.472677],[-79.952219,40.472671]]]},"properties":{"WETLAND_TYPE":"Freshwater Pond"}},{"type":"Feature","geometry":{"type":"Polygon","coordinates":[[[-79.958742,40.45417],[-79.958848,40.454189],[-79.958506,40.454175],[-79.95842,40.454162],[-79.958433,40.454154],[-79.958562,40.454154],[-79.958742,40.45417]]]},"properties":{"WETLAND_TYPE":"Freshwater Pond"}},{"type":"Feature","geometry":{"type":"Polygon","coordinates":[[[-79.999951,40.400747],[-79.999965,40.400764],[-80.000002,40.400787],[-79.999805,40.401016],[-79.999792,40.401025],[-79.999775,40.401029],[-79.999775,40.401051],[-79.999352,40.401543],[-79.998675,40.402284],[-79.998571,40.402338],[-79.998335,40.402383],[-79.99816,40.402399],[-79.998045,40.402449],[-79.99794,40.402481],[-79.997637,40.402507],[-79.997447,40.402599],[-79.997353,40.402674],[-79.997176,40.402766],[-79.997032,40.402816],[-79.997013,40.402835],[-79.996945,40.402863],[-79.996921,40.402866],[-79.9969,40.402856],[-79.996892,40.402839],[-79.996901,40.402822],[-79.996967,40.402793],[-79.996987,40.402773],[-79.99714,40.402719],[-79.997306,40.402634],[-79.997401,40.402558],[-79.99761,40.402456],[-79.997918,40.40243],[-79.998011,40.402402],[-79.998135,40.402348],[-79.998322,40.40233],[-79.998543,40.402288],[-79.998626,40.402245],[-79.999293,40.401513],[-79.999745,40.400987],[-79.999758,40.400978],[-79.999775,40.400975],[-79.999775,40.400953],[-79.999951,40.400747]]]},"properties":{"WETLAND_TYPE":"Riverine"}},{"type":"Feature","geometry":{"type":"MultiPolygon","coordinates":[[[[-80.029841,40.421084],[-80.030008,40.420693],[-80.030093,40.420412],[-80.030149,40.420131],[-80.030178,40.41976],[-80.030403,40.419447],[-80.030308,40.417845],[-80.030366,40.417628],[-80.030472,40.419405],[-80.030831,40.419229],[-80.031913,40.419229],[-80.032456,40.419286],[-80.033007,40.419459],[-80.034254,40.420026],[-80.034275,40.420039],[-80.034209,40.420043],[-80.034161,40.420046],[-80.032973,40.419506],[-80.032442,40.419338],[-80.03191,40.419282],[-80.030847,40.419282],[-80.030467,40.419472],[-80.030248,40.419773],[-80.03022,40.420138],[-80.030163,40.420421],[-80.030077,40.420708],[-80.029907,40.421105],[-80.029654,40.421336],[-80.029653,40.421253],[-80.029841,40.421084]]],[[[-80.029329,40.421882],[-80.029556,40.421344],[-80.029653,40.421253],[-80.029653,40.421336],[-80.029621,40.421365],[-80.029397,40.421898],[-80.029272,40.42221],[-80.029197,40.422211],[-80.029329,40.421882]]],[[[-80.027158,40.42918],[-80.02767,40.428895],[-80.028461,40.428443],[-80.029054,40.427991],[-80.029476,40.427654],[-80.02981,40.427236],[-80.029923,40.426703],[-80.030035,40.426055],[-80.029866,40.425183],[-80.029726,40.424819],[-80.029162,40.424057],[-80.029016,40.423732],[-80.029016,40.423389],[-80.029157,40.422313],[-80.029197,40.422211],[-80.029272,40.42221],[-80.029228,40.422321],[-80.029087,40.423393],[-80.029087,40.423727],[-80.029226,40.424032],[-80.029564,40.424484],[-80.029793,40.424799],[-80.029936,40.425172],[-80.030107,40.426051],[-80.029993,40.42671],[-80.02988,40.427249],[-80.029532,40.427687],[-80.029105,40.428029],[-80.02851,40.428482],[-80.027713,40.428938],[-80.027204,40.429221],[-80.027086,40.429298],[-80.027045,40.429253],[-80.027158,40.42918]]],[[[-80.026554,40.429644],[-80.026163,40.429938],[-80.026108,40.429904],[-80.026506,40.429605],[-80.027045,40.429253],[-80.027086,40.429298],[-80.026554,40.429644]]],[[[-80.038418,40.421576],[-80.037714,40.421463],[-80.036463,40.421292],[-80.035924,40.421151],[-80.035439,40.42098],[-80.035002,40.420689],[-80.034635,40.420351],[-80.034215,40.42007],[-80.034161,40.420046],[-80.034275,40.420039],[-80.034685,40.420312],[-80.035055,40.420653],[-80.035474,40.420933],[-80.035949,40.4211],[-80.036483,40.421241],[-80.037727,40.421411],[-80.038437,40.421524],[-80.038975,40.421712],[-80.038941,40.421759],[-80.038418,40.421576]]],[[[-80.030334,40.415095],[-80.030366,40.417628],[-80.030308,40.417845],[-80.030291,40.417556],[-80.030262,40.415091],[-80.03058,40.414425],[-80.030654,40.414429],[-80.030334,40.415095]]],[[[-80.030654,40.414429],[-80.03058,40.414425],[-80.032446,40.410548],[-80.03291,40.409657],[-80.032972,40.409685],[-80.032513,40.410567],[-80.031033,40.413643],[-80.031123,40.413343],[-80.031033,40.413643],[-80.030654,40.414429]]],[[[-80.032972,40.409685],[-80.03291,40.409657],[-80.033903,40.407751],[-80.033953,40.40772],[-80.033982,40.407746],[-80.032972,40.409685]]],[[[-80.034265,40.407204],[-80.033982,40.407746],[-80.033953,40.40772],[-80.033903,40.407751],[-80.034203,40.407176],[-80.034216,40.407164],[-80.034308,40.407118],[-80.03435,40.407161],[-80.034265,40.407204]]],[[[-80.038231,40.405902],[-80.038189,40.405857],[-80.038143,40.405787],[-80.038076,40.405762],[-80.03793,40.405769],[-80.03785,40.405781],[-80.037507,40.40589],[-80.036559,40.406161],[-80.03636,40.406226],[-80.036006,40.406362],[-80.035985,40.406381],[-80.035933,40.406392],[-80.035916,40.406406],[-80.035849,40.406434],[-80.03576,40.406463],[-80.035745,40.406476],[-80.035667,40.406502],[-80.035583,40.40655],[-80.035551,40.406561],[-80.035475,40.406603],[-80.035419,40.406618],[-80.035401,40.406635],[-80.03435,40.407161],[-80.034308,40.407118],[-80.035355,40.406594],[-80.035376,40.406573],[-80.035437,40.406558],[-80.035515,40.406514],[-80.035544,40.406505],[-80.03563,40.406457],[-80.035693,40.406435],[-80.035712,40.40642],[-80.035819,40.406385],[-80.035871,40.406364],[-80.035879,40.406352],[-80.035892,40.406345],[-80.035945,40.406334],[-80.035962,40.406319],[-80.036328,40.406178],[-80.036531,40.406112],[-80.037481,40.40584],[-80.037827,40.40573],[-80.037923,40.405715],[-80.038081,40.405708],[-80.038099,40.40571],[-80.038186,40.405743],[-80.038202,40.405755],[-80.03825,40.40583],[-80.038297,40.40588],[-80.038361,40.406021],[-80.038389,40.406111],[-80.038275,40.405998],[-80.038231,40.405902]]],[[[-80.041705,40.410819],[-80.041142,40.410289],[-80.040884,40.410013],[-80.040797,40.409935],[-80.040258,40.409381],[-80.040091,40.409187],[-80.040011,40.409072],[-80.039903,40.408887],[-80.039551,40.408236],[-80.039386,40.408],[-80.039237,40.407757],[-80.038821,40.407278],[-80.038754,40.407185],[-80.038735,40.407173],[-80.038582,40.406912],[-80.038429,40.406483],[-80.038293,40.406037],[-80.038275,40.405998],[-80.038389,40.406111],[-80.038499,40.40647],[-80.038648,40.406892],[-80.038792,40.407138],[-80.038811,40.407151],[-80.038882,40.40725],[-80.0393,40.407733],[-80.03945,40.407977],[-80.039617,40.408214],[-80.039968,40.408866],[-80.040075,40.40905],[-80.040153,40.409161],[-80.040316,40.40935],[-80.040854,40.409903],[-80.040942,40.409981],[-80.041199,40.410257],[-80.041758,40.410783],[-80.041953,40.410938],[-80.041909,40.410982],[-80.041705,40.410819]]],[[[-80.042007,40.410982],[-80.042437,40.411273],[-80.042615,40.411404],[-80.042666,40.411427],[-80.042754,40.411487],[-80.042772,40.411522],[-80.042764,40.411543],[-80.042738,40.411552],[-80.042711,40.411544],[-80.042698,40.411522],[-80.042622,40.411469],[-80.042568,40.411444],[-80.042389,40.411312],[-80.041959,40.411021],[-80.041909,40.410982],[-80.041953,40.410938],[-80.042007,40.410982]]]]},"properties":{"WETLAND_TYPE":"Riverine"}},{"type":"Feature","geometry":{"type":"Polygon","coordinates":[[[-80.078562,40.416381],[-80.078546,40.416394],[-80.078533,40.416355],[-80.078562,40.416381]]]},"properties":{"WETLAND_TYPE":"Riverine"}},{"type":"Feature","geometry":{"type":"Polygon","coordinates":[[[-80.078534,40.416523],[-80.078562,40.41651],[-80.07854,40.416412],[-80.078546,40.416394],[-80.078562,40.416381],[-80.078646,40.416456],[-80.078649,40.416471],[-80.078658,40.416466],[-80.078662,40.41647],[-80.078534,40.416523]]]},"properties":{"WETLAND_TYPE":"Riverine"}},{"type":"Feature","geometry":{"type":"Polygon","coordinates":[[[-80.074981,40.419773],[-80.075347,40.419013],[-80.075742,40.418412],[-80.075756,40.418399],[-80.075774,40.418393],[-80.07513,40.419484],[-80.074977,40.419791],[-80.074981,40.419773]]]},"properties":{"WETLAND_TYPE":"Riverine"}},{"type":"Feature","geometry":{"type":"MultiPolygon","coordinates":[[[[-80.069316,40.429945],[-80.069168,40.42997],[-80.069028,40.429969],[-80.06871,40.430007],[-80.068143,40.429998],[-80.067933,40.430014],[-80.067817,40.43004],[-80.067524,40.43007],[-80.067148,40.430058],[-80.066894,40.430014],[-80.066803,40.429976],[-80.066198,40.429782],[-80.066214,40.429725],[-80.066235,40.429728],[-80.066256,40.429744],[-80.066833,40.429927],[-80.066919,40.429963],[-80.067155,40.430004],[-80.067522,40.430016],[-80.067803,40.429988],[-80.06792,40.429961],[-80.068138,40.429945],[-80.068707,40.429954],[-80.06902,40.429916],[-80.069158,40.429917],[-80.069305,40.429892],[-80.069534,40.429906],[-80.069495,40.429957],[-80.069316,40.429945]]],[[[-80.070783,40.428372],[-80.070891,40.428256],[-80.070908,40.428226],[-80.071107,40.428027],[-80.071139,40.427975],[-80.071382,40.427736],[-80.071389,40.427721],[-80.071618,40.42749],[-80.071678,40.427412],[-80.07177,40.427323],[-80.071969,40.42708],[-80.071994,40.42704],[-80.072439,40.426625],[-80.072487,40.426574],[-80.072647,40.426343],[-80.072666,40.426333],[-80.072695,40.426337],[-80.072709,40.42635],[-80.072709,40.426368],[-80.072547,40.426603],[-80.072495,40.426658],[-80.072052,40.427071],[-80.072031,40.427107],[-80.07183,40.427353],[-80.071736,40.427443],[-80.071677,40.42752],[-80.071454,40.427746],[-80.071446,40.427762],[-80.071198,40.428005],[-80.071167,40.428057],[-80.070656,40.428554],[-80.070783,40.428372]]],[[[-80.066196,40.42978],[-80.066115,40.429747],[-80.065953,40.429658],[-80.065784,40.429482],[-80.065551,40.429112],[-80.065497,40.429047],[-80.065348,40.428917],[-80.065258,40.428822],[-80.06512,40.428617],[-80.065063,40.428509],[-80.064923,40.428363],[-80.064683,40.428162],[-80.064623,40.428128],[-80.064566,40.428108],[-80.064478,40.428095],[-80.064327,40.42808],[-80.064192,40.428046],[-80.063939,40.427897],[-80.063861,40.427806],[-80.063817,40.427708],[-80.063788,40.427601],[-80.063733,40.427484],[-80.063614,40.427343],[-80.063525,40.42726],[-80.063396,40.427191],[-80.063366,40.427182],[-80.063306,40.427152],[-80.063265,40.427147],[-80.063245,40.427134],[-80.063162,40.427111],[-80.062553,40.427088],[-80.062351,40.427122],[-80.061969,40.427213],[-80.061731,40.427252],[-80.061487,40.427269],[-80.061331,40.427254],[-80.061248,40.427222],[-80.061218,40.427218],[-80.0612,40.427201],[-80.060967,40.427113],[-80.060756,40.427011],[-80.060662,40.426951],[-80.060654,40.426935],[-80.06066,40.426918],[-80.060679,40.426908],[-80.060708,40.426911],[-80.060797,40.426967],[-80.061002,40.427066],[-80.061244,40.427157],[-80.06126,40.427168],[-80.061347,40.427201],[-80.061488,40.427215],[-80.061719,40.427199],[-80.061952,40.427161],[-80.062331,40.42707],[-80.062552,40.427035],[-80.063175,40.427058],[-80.063281,40.427087],[-80.063298,40.427097],[-80.063335,40.427102],[-80.063401,40.427135],[-80.063434,40.427146],[-80.063577,40.427224],[-80.063673,40.427313],[-80.063796,40.427459],[-80.063856,40.427585],[-80.063886,40.427696],[-80.063927,40.427786],[-80.063993,40.427861],[-80.064221,40.427997],[-80.064341,40.428027],[-80.06449,40.428042],[-80.064584,40.428056],[-80.064659,40.428082],[-80.064733,40.428124],[-80.064978,40.428329],[-80.065125,40.428483],[-80.065185,40.428594],[-80.065319,40.428795],[-80.065403,40.428883],[-80.065553,40.429014],[-80.065614,40.429086],[-80.065844,40.429453],[-80.066004,40.42962],[-80.066156,40.429703],[-80.0662,40.429723],[-80.066214,40.429725],[-80.066196,40.42978]]]]},"properties":{"WETLAND_TYPE":"Riverine"}},{"type":"Feature","geometry":{"type":"MultiPolygon","coordinates":[[[[-80.039644,40.436592],[-80.040363,40.436763],[-80.041808,40.437073],[-80.044044,40.437417],[-80.045936,40.437658],[-80.047895,40.437795],[-80.049201,40.437726],[-80.050027,40.437692],[-80.050045,40.437694],[-80.050058,40.437703],[-80.050064,40.437724],[-80.050053,40.437739],[-80.050031,40.437745],[-80.049205,40.43778],[-80.047895,40.437849],[-80.045928,40.437711],[-80.04403,40.43747],[-80.041792,40.437125],[-80.040343,40.436815],[-80.039618,40.436642],[-80.03851,40.436158],[-80.037379,40.435712],[-80.035868,40.435437],[-80.034422,40.435163],[-80.034425,40.435149],[-80.034432,40.43511],[-80.035885,40.435385],[-80.037403,40.435662],[-80.038544,40.436111],[-80.038969,40.436297],[-80.038939,40.436337],[-80.038969,40.436297],[-80.039644,40.436592]]],[[[-80.033874,40.435059],[-80.0324,40.435059],[-80.032335,40.435006],[-80.033885,40.435006],[-80.034432,40.43511],[-80.034422,40.435163],[-80.033874,40.435059]]]]},"properties":{"WETLAND_TYPE":"Riverine"}},{"type":"Feature","geometry":{"type":"Polygon","coordinates":[[[-80.028923,40.444139],[-80.028922,40.444153],[-80.028931,40.444169],[-80.028941,40.444178],[-80.028963,40.444184],[-80.027673,40.444814],[-80.02761,40.444784],[-80.028923,40.444139]]]},"properties":{"WETLAND_TYPE":"Riverine"}},{"type":"Feature","geometry":{"type":"MultiPolygon","coordinates":[[[[-80.06935,40.459592],[-80.069361,40.459403],[-80.069425,40.459288],[-80.069385,40.459252],[-80.06925,40.459072],[-80.06898,40.458811],[-80.068792,40.458675],[-80.068743,40.458657],[-80.068641,40.458578],[-80.068547,40.458492],[-80.0685,40.458429],[-80.068477,40.458358],[-80.068461,40.458336],[-80.068439,40.458106],[-80.068406,40.45804],[-80.068354,40.457986],[-80.068174,40.457854],[-80.06805,40.457721],[-80.067599,40.457314],[-80.067371,40.457151],[-80.067246,40.45704],[-80.067192,40.456982],[-80.067162,40.456929],[-80.067038,40.4566],[-80.067008,40.456467],[-80.066964,40.455956],[-80.066886,40.455657],[-80.06678,40.455354],[-80.066764,40.455333],[-80.066742,40.455223],[-80.0667,40.455107],[-80.066557,40.45479],[-80.066528,40.454752],[-80.066463,40.45462],[-80.06637,40.454363],[-80.066348,40.45433],[-80.066333,40.454262],[-80.066303,40.454209],[-80.066262,40.45403],[-80.066232,40.453994],[-80.066182,40.453803],[-80.066181,40.453744],[-80.066189,40.453731],[-80.066204,40.453723],[-80.066233,40.453725],[-80.06625,40.45374],[-80.066252,40.453796],[-80.0663,40.453977],[-80.066329,40.454011],[-80.066373,40.454197],[-80.066403,40.45425],[-80.066416,40.454313],[-80.06644,40.454351],[-80.066339,40.454212],[-80.06644,40.454351],[-80.066531,40.454603],[-80.066594,40.454731],[-80.066624,40.454769],[-80.066768,40.455091],[-80.066812,40.455212],[-80.066833,40.455316],[-80.066847,40.455337],[-80.066955,40.455644],[-80.067036,40.455951],[-80.067078,40.456459],[-80.067107,40.456587],[-80.067228,40.456909],[-80.067255,40.456955],[-80.067302,40.457007],[-80.067422,40.457113],[-80.067653,40.457279],[-80.068106,40.457688],[-80.068228,40.457819],[-80.068408,40.457951],[-80.068467,40.458012],[-80.068509,40.458095],[-80.068531,40.458322],[-80.068544,40.458339],[-80.068565,40.458406],[-80.068605,40.45846],[-80.068695,40.458543],[-80.068789,40.458616],[-80.068837,40.458633],[-80.069033,40.458776],[-80.069308,40.45904],[-80.069445,40.459223],[-80.069499,40.459274],[-80.069499,40.459294],[-80.06943,40.459419],[-80.069427,40.459489],[-80.069391,40.459503],[-80.069427,40.459489],[-80.069372,40.460443],[-80.069301,40.460442],[-80.06935,40.459592],[-80.069373,40.459595],[-80.06935,40.459592]]],[[[-80.069372,40.460443],[-80.069357,40.460699],[-80.069287,40.460686],[-80.069301,40.460442],[-80.069372,40.460443]]]]},"properties":{"WETLAND_TYPE":"Riverine"}},{"type":"Feature","geometry":{"type":"Polygon","coordinates":[[[-80.059808,40.46287],[-80.059917,40.462822],[-80.060692,40.462634],[-80.061176,40.462444],[-80.06145,40.462273],[-80.061519,40.462201],[-80.061615,40.462184],[-80.062123,40.462181],[-80.062613,40.46222],[-80.06315,40.462169],[-80.063641,40.462076],[-80.063996,40.461975],[-80.064224,40.461928],[-80.065254,40.461624],[-80.065645,40.461558],[-80.065773,40.461559],[-80.065836,40.461587],[-80.065753,40.461677],[-80.065469,40.46182],[-80.065232,40.461908],[-80.065113,40.46197],[-80.064948,40.462086],[-80.064445,40.462346],[-80.064236,40.462413],[-80.064117,40.462433],[-80.06409,40.462454],[-80.06388,40.462494],[-80.063589,40.462588],[-80.063095,40.462806],[-80.062839,40.46295],[-80.06251,40.463093],[-80.062373,40.463189],[-80.062259,40.463219],[-80.062218,40.463188],[-80.062128,40.463166],[-80.06191,40.46315],[-80.061529,40.463161],[-80.061119,40.46322],[-80.060719,40.463321],[-80.060426,40.46343],[-80.059916,40.463557],[-80.059861,40.463605],[-80.059761,40.463639],[-80.059669,40.463694],[-80.059587,40.463763],[-80.059487,40.463748],[-80.059352,40.46367],[-80.059297,40.463663],[-80.059135,40.463592],[-80.059036,40.463522],[-80.05891,40.463459],[-80.058783,40.463423],[-80.058666,40.46336],[-80.058512,40.463324],[-80.058458,40.463282],[-80.058541,40.46322],[-80.058806,40.463132],[-80.058915,40.463112],[-80.059033,40.463065],[-80.059808,40.46287]]]},"properties":{"WETLAND_TYPE":"Freshwater Emergent Wetland"}},{"type":"Feature","geometry":{"type":"Polygon","coordinates":[[[-80.060942,40.461631],[-80.061032,40.461701],[-80.061156,40.461931],[-80.061519,40.462201],[-80.06145,40.462273],[-80.061176,40.462444],[-80.060692,40.462634],[-80.059917,40.462822],[-80.059808,40.46287],[-80.059033,40.463065],[-80.058915,40.463112],[-80.058806,40.463132],[-80.058541,40.46322],[-80.058458,40.463282],[-80.058304,40.463308],[-80.05814,40.4633],[-80.05816,40.46321],[-80.058269,40.463176],[-80.058735,40.462965],[-80.0589,40.462876],[-80.058964,40.46287],[-80.059037,40.462829],[-80.059201,40.462775],[-80.059375,40.462679],[-80.059558,40.462542],[-80.05975,40.462446],[-80.059942,40.462379],[-80.06018,40.462249],[-80.060372,40.462105],[-80.060677,40.461712],[-80.060815,40.461616],[-80.060942,40.461631]]]},"properties":{"WETLAND_TYPE":"Freshwater Forested/Shrub Wetland"}},{"type":"Feature","geometry":{"type":"Polygon","coordinates":[[[-80.062128,40.463166],[-80.062218,40.463188],[-80.062259,40.463219],[-80.062245,40.463264],[-80.061924,40.463483],[-80.061604,40.463647],[-80.061475,40.463736],[-80.061375,40.463777],[-80.061147,40.463838],[-80.061001,40.463906],[-80.060837,40.463946],[-80.060637,40.463979],[-80.060391,40.463998],[-80.060165,40.463982],[-80.060002,40.463946],[-80.059758,40.463868],[-80.059658,40.463825],[-80.059587,40.463763],[-80.059669,40.463694],[-80.059761,40.463639],[-80.059861,40.463605],[-80.059916,40.463557],[-80.060426,40.46343],[-80.060719,40.463321],[-80.061119,40.46322],[-80.061529,40.463161],[-80.06191,40.46315],[-80.062128,40.463166]]]},"properties":{"WETLAND_TYPE":"Freshwater Forested/Shrub Wetland"}},{"type":"Feature","geometry":{"type":"Polygon","coordinates":[[[-80.047541,40.467478],[-80.047586,40.467513],[-80.047648,40.467624],[-80.047637,40.467756],[-80.047545,40.467832],[-80.047427,40.467865],[-80.047281,40.467878],[-80.047201,40.467766],[-80.047185,40.467628],[-80.047304,40.467573],[-80.04745,40.46747],[-80.047541,40.467478]]]},"properties":{"WETLAND_TYPE":"Freshwater Emergent Wetland"}},{"type":"Feature","geometry":{"type":"MultiPolygon","coordinates":[[[[-80.024641,40.427211],[-80.024249,40.426962],[-80.023795,40.426718],[-80.023738,40.426699],[-80.023691,40.42667],[-80.02336,40.426529],[-80.023328,40.426525],[-80.023108,40.426429],[-80.023034,40.426405],[-80.02296,40.426364],[-80.022671,40.426259],[-80.022449,40.42619],[-80.022164,40.426094],[-80.021712,40.425982],[-80.021554,40.425927],[-80.021284,40.425874],[-80.021201,40.425845],[-80.021148,40.425811],[-80.021084,40.425784],[-80.02098,40.425704],[-80.02092,40.425531],[-80.02093,40.425442],[-80.021074,40.425181],[-80.02112,40.425202],[-80.021125,40.425192],[-80.021143,40.425201],[-80.02116,40.425211],[-80.021021,40.425464],[-80.021015,40.425524],[-80.021067,40.425672],[-80.021146,40.42573],[-80.021198,40.425751],[-80.021251,40.425783],[-80.02132,40.425807],[-80.021586,40.425859],[-80.021745,40.425915],[-80.0222,40.426028],[-80.022487,40.426125],[-80.022711,40.426195],[-80.023006,40.426301],[-80.023081,40.426343],[-80.023153,40.426366],[-80.023365,40.426458],[-80.023397,40.426463],[-80.023742,40.42661],[-80.023787,40.426638],[-80.023846,40.426658],[-80.024306,40.426905],[-80.024704,40.427158],[-80.024882,40.427294],[-80.024978,40.427411],[-80.025029,40.427546],[-80.025058,40.427677],[-80.025072,40.427874],[-80.025229,40.428681],[-80.025258,40.428745],[-80.025337,40.42903],[-80.025394,40.429299],[-80.025434,40.429379],[-80.025488,40.429456],[-80.025677,40.429632],[-80.026434,40.430109],[-80.026886,40.43041],[-80.027126,40.430545],[-80.027303,40.430617],[-80.02745,40.430696],[-80.027607,40.430766],[-80.027643,40.430774],[-80.027982,40.430939],[-80.028165,40.431043],[-80.02835,40.431169],[-80.028974,40.431674],[-80.029123,40.431811],[-80.029388,40.432114],[-80.029494,40.432225],[-80.029615,40.432329],[-80.029654,40.432374],[-80.029809,40.432582],[-80.030031,40.432934],[-80.030216,40.4332],[-80.03038,40.433388],[-80.030514,40.433527],[-80.030726,40.43371],[-80.030972,40.433871],[-80.031533,40.434129],[-80.031752,40.434328],[-80.031939,40.434546],[-80.03214,40.434795],[-80.032339,40.43501],[-80.03244,40.435091],[-80.032173,40.434956],[-80.03206,40.434833],[-80.031859,40.434584],[-80.031674,40.434369],[-80.031465,40.43418],[-80.030913,40.433927],[-80.030661,40.433763],[-80.030441,40.433572],[-80.030301,40.433428],[-80.030134,40.433236],[-80.029945,40.432966],[-80.029723,40.432614],[-80.029541,40.432374],[-80.029418,40.432268],[-80.029309,40.432154],[-80.029045,40.431851],[-80.028903,40.431722],[-80.028281,40.431218],[-80.028104,40.431098],[-80.027929,40.430999],[-80.027599,40.430838],[-80.027565,40.43083],[-80.027399,40.430757],[-80.027255,40.430679],[-80.027078,40.430606],[-80.026826,40.430465],[-80.026372,40.430164],[-80.025612,40.429684],[-80.025411,40.429498],[-80.025349,40.42941],[-80.025301,40.429314],[-80.02529,40.429262],[-80.025238,40.42873],[-80.025005,40.428023],[-80.024978,40.427879],[-80.024964,40.427683],[-80.024936,40.42756],[-80.024888,40.427436],[-80.024808,40.427339],[-80.02477,40.42731],[-80.024762,40.427285],[-80.02477,40.42731],[-80.024641,40.427211]]],[[[-80.025244,40.429043],[-80.025165,40.428762],[-80.025136,40.428696],[-80.025005,40.428023],[-80.025238,40.42873],[-80.02529,40.429262],[-80.025244,40.429043]]],[[[-80.033751,40.437057],[-80.033691,40.436944],[-80.033654,40.43681],[-80.033661,40.436469],[-80.033648,40.436346],[-80.033539,40.436161],[-80.033213,40.435834],[-80.032869,40.435553],[-80.032733,40.43543],[-80.032267,40.435058],[-80.032173,40.434956],[-80.03244,40.435091],[-80.032803,40.435382],[-80.03294,40.435505],[-80.033286,40.435788],[-80.033621,40.436125],[-80.033741,40.436328],[-80.033757,40.436468],[-80.03375,40.436807],[-80.033783,40.436927],[-80.033817,40.436995],[-80.03386,40.437062],[-80.033751,40.437057]]],[[[-80.031604,40.442237],[-80.031675,40.441761],[-80.031669,40.441623],[-80.031692,40.441494],[-80.031724,40.441423],[-80.031831,40.441254],[-80.031911,40.441104],[-80.031991,40.440986],[-80.032078,40.440878],[-80.032183,40.44077],[-80.032383,40.440628],[-80.032759,40.440432],[-80.032883,40.440356],[-80.033139,40.440219],[-80.033329,40.440093],[-80.033412,40.440025],[-80.033544,40.439877],[-80.033584,40.439811],[-80.033647,40.439642],[-80.033675,40.4394],[-80.033625,40.438712],[-80.033678,40.438537],[-80.033716,40.438496],[-80.033739,40.438451],[-80.03376,40.438437],[-80.033922,40.438189],[-80.033956,40.438051],[-80.03397,40.437932],[-80.033985,40.43755],[-80.033943,40.437349],[-80.033903,40.437269],[-80.033819,40.437163],[-80.033751,40.437057],[-80.03386,40.437062],[-80.033902,40.437128],[-80.033987,40.437236],[-80.034036,40.437333],[-80.03408,40.437547],[-80.034065,40.437936],[-80.03405,40.438062],[-80.034012,40.438212],[-80.033837,40.43848],[-80.033818,40.438495],[-80.0338,40.438531],[-80.033767,40.438565],[-80.03372,40.438718],[-80.03377,40.4394],[-80.033741,40.439654],[-80.033673,40.439835],[-80.033627,40.439913],[-80.033489,40.440067],[-80.033394,40.440145],[-80.033196,40.440276],[-80.032939,40.440413],[-80.032815,40.44049],[-80.032444,40.440683],[-80.032255,40.440817],[-80.032158,40.440916],[-80.032074,40.441021],[-80.031997,40.441135],[-80.031917,40.441283],[-80.031811,40.441451],[-80.031784,40.441513],[-80.031764,40.441624],[-80.03177,40.441766],[-80.031699,40.442235],[-80.031706,40.442314],[-80.031686,40.442378],[-80.031606,40.442264],[-80.031604,40.442237]]],[[[-80.031535,40.442668],[-80.031434,40.44278],[-80.031244,40.442928],[-80.031035,40.443072],[-80.030828,40.443172],[-80.030795,40.443179],[-80.030265,40.44351],[-80.029388,40.443862],[-80.029363,40.443883],[-80.029084,40.443981],[-80.029051,40.444006],[-80.029052,40.444021],[-80.02901,40.444167],[-80.028993,40.44418],[-80.028971,40.444185],[-80.028948,40.444181],[-80.028931,40.444169],[-80.028922,40.444148],[-80.028956,40.444016],[-80.028951,40.444001],[-80.028953,40.443985],[-80.028964,40.443971],[-80.029025,40.443924],[-80.029306,40.443824],[-80.029328,40.443805],[-80.030215,40.44345],[-80.030743,40.443119],[-80.030784,40.443108],[-80.030975,40.443016],[-80.031179,40.442876],[-80.031362,40.442732],[-80.031452,40.442634],[-80.031556,40.442483],[-80.03161,40.442308],[-80.031606,40.442264],[-80.031686,40.442378],[-80.031643,40.442512],[-80.031537,40.442666],[-80.031519,40.442644],[-80.031535,40.442668]]],[[[-80.017455,40.423114],[-80.017922,40.423573],[-80.018324,40.423905],[-80.018406,40.424013],[-80.018523,40.424126],[-80.018623,40.42419],[-80.018703,40.424197],[-80.01885,40.424178],[-80.019046,40.424127],[-80.019688,40.423913],[-80.019777,40.423872],[-80.020076,40.423772],[-80.020411,40.423619],[-80.020657,40.423535],[-80.020681,40.423516],[-80.020724,40.423509],[-80.020852,40.423463],[-80.021016,40.423396],[-80.021102,40.423376],[-80.021209,40.423381],[-80.0213,40.423412],[-80.021371,40.423467],[-80.021434,40.423537],[-80.021474,40.423658],[-80.021525,40.423992],[-80.021532,40.424201],[-80.021487,40.424609],[-80.021377,40.424883],[-80.021317,40.424984],[-80.021189,40.425157],[-80.02116,40.425211],[-80.021125,40.425192],[-80.021149,40.42515],[-80.021279,40.424975],[-80.021337,40.424876],[-80.021445,40.424607],[-80.021487,40.424199],[-80.021481,40.424004],[-80.021468,40.423916],[-80.021431,40.423675],[-80.021395,40.423562],[-80.021431,40.423675],[-80.021481,40.424004],[-80.021487,40.424199],[-80.021445,40.424607],[-80.021337,40.424876],[-80.021283,40.424969],[-80.021236,40.424946],[-80.021289,40.424856],[-80.021395,40.424593],[-80.021437,40.424198],[-80.02143,40.423998],[-80.021381,40.423673],[-80.021348,40.423568],[-80.021298,40.423513],[-80.021242,40.42347],[-80.021193,40.423452],[-80.02111,40.423448],[-80.021052,40.423462],[-80.020894,40.423528],[-80.020758,40.423576],[-80.020735,40.42358],[-80.020715,40.423593],[-80.020629,40.423624],[-80.020458,40.423681],[-80.020315,40.423746],[-80.020351,40.4237],[-80.020353,40.423698],[-80.020315,40.423746],[-80.020118,40.423837],[-80.019818,40.423937],[-80.019729,40.423978],[-80.019082,40.424193],[-80.018877,40.424246],[-80.018712,40.424269],[-80.018584,40.424256],[-80.018452,40.424174],[-80.018329,40.424054],[-80.018249,40.423949],[-80.017902,40.423663],[-80.017623,40.423391],[-80.017902,40.423663],[-80.017849,40.423619],[-80.017382,40.42316],[-80.017172,40.422977],[-80.016828,40.422631],[-80.016646,40.422416],[-80.016423,40.422171],[-80.01618,40.421881],[-80.016158,40.421868],[-80.016106,40.421788],[-80.015977,40.421639],[-80.015765,40.421315],[-80.015636,40.421016],[-80.015606,40.420854],[-80.01557,40.420754],[-80.015569,40.420669],[-80.015637,40.420782],[-80.015569,40.420669],[-80.015554,40.420452],[-80.015564,40.420452],[-80.015554,40.420452],[-80.015541,40.420309],[-80.015498,40.419547],[-80.015484,40.41946],[-80.015409,40.41919],[-80.015392,40.419169],[-80.015369,40.418985],[-80.01522,40.418338],[-80.015105,40.417978],[-80.015071,40.417886],[-80.01502,40.417797],[-80.014912,40.417495],[-80.014875,40.417352],[-80.014874,40.41728],[-80.014846,40.417111],[-80.014867,40.416734],[-80.014742,40.416466],[-80.014549,40.416155],[-80.01445,40.415979],[-80.014561,40.415988],[-80.014636,40.416126],[-80.014831,40.41644],[-80.014962,40.416721],[-80.014941,40.41711],[-80.014969,40.417274],[-80.014969,40.417342],[-80.015004,40.417478],[-80.015111,40.417776],[-80.01516,40.417862],[-80.015197,40.41796],[-80.015312,40.418322],[-80.015463,40.418974],[-80.015484,40.419147],[-80.015499,40.419167],[-80.015578,40.41945],[-80.015593,40.419543],[-80.015635,40.420304],[-80.015664,40.420615],[-80.015664,40.420743],[-80.015699,40.420841],[-80.015721,40.420962],[-80.015672,40.420897],[-80.015721,40.420962],[-80.015727,40.420997],[-80.015854,40.42129],[-80.01606,40.421603],[-80.016189,40.421752],[-80.016231,40.421818],[-80.01614,40.42172],[-80.01632,40.421914],[-80.016503,40.422132],[-80.016725,40.422377],[-80.016905,40.42259],[-80.017247,40.422933],[-80.017343,40.423017],[-80.017593,40.423286],[-80.017343,40.423017],[-80.017455,40.423114]]],[[[-80.016234,40.42182],[-80.016253,40.421833],[-80.01632,40.421913],[-80.016234,40.42182]]],[[[-80.008153,40.413309],[-80.008248,40.413547],[-80.008268,40.413569],[-80.008303,40.413687],[-80.008392,40.413839],[-80.008596,40.414043],[-80.008757,40.414177],[-80.008926,40.414293],[-80.009019,40.414341],[-80.009046,40.414347],[-80.009066,40.414364],[-80.009258,40.414465],[-80.009751,40.414657],[-80.009974,40.414738],[-80.010011,40.414743],[-80.010034,40.414757],[-80.010135,40.414788],[-80.010154,40.414805],[-80.010375,40.414862],[-80.010448,40.414876],[-80.010577,40.414881],[-80.010972,40.414871],[-80.011028,40.414875],[-80.011688,40.4148],[-80.01243,40.414766],[-80.01264,40.414786],[-80.012893,40.414831],[-80.013251,40.415033],[-80.01344,40.415171],[-80.014214,40.415668],[-80.014478,40.415872],[-80.014561,40.415988],[-80.01445,40.415979],[-80.014403,40.415917],[-80.014151,40.415721],[-80.013377,40.415225],[-80.01319,40.415088],[-80.012855,40.414897],[-80.012624,40.414857],[-80.012429,40.414838],[-80.011696,40.414872],[-80.01103,40.414947],[-80.01097,40.414942],[-80.010577,40.414952],[-80.010433,40.414946],[-80.010346,40.414931],[-80.010099,40.414865],[-80.010073,40.414845],[-80.009985,40.414819],[-80.009967,40.414809],[-80.009939,40.414804],[-80.009709,40.414721],[-80.00921,40.414526],[-80.008995,40.414411],[-80.008866,40.414349],[-80.008692,40.414229],[-80.008523,40.414089],[-80.00831,40.413875],[-80.008213,40.413711],[-80.008179,40.413596],[-80.008162,40.413578],[-80.008061,40.413329],[-80.007959,40.413035],[-80.008026,40.41309],[-80.008089,40.413128],[-80.008153,40.413309]]],[[[-80.008089,40.413128],[-80.008026,40.41309],[-80.008064,40.413056],[-80.008089,40.413128]]],[[[-80.006389,40.410354],[-80.006553,40.410407],[-80.006823,40.410472],[-80.006843,40.410481],[-80.006946,40.41056],[-80.007147,40.410752],[-80.007291,40.410952],[-80.007449,40.411273],[-80.007514,40.411466],[-80.00761,40.41169],[-80.00763,40.411711],[-80.007674,40.411845],[-80.007744,40.412159],[-80.007823,40.41236],[-80.007879,40.412542],[-80.007895,40.412566],[-80.007959,40.412799],[-80.008064,40.413056],[-80.008026,40.41309],[-80.007959,40.413035],[-80.007868,40.412819],[-80.007804,40.412587],[-80.007788,40.412563],[-80.007732,40.412379],[-80.007651,40.412173],[-80.00758,40.411858],[-80.007541,40.41174],[-80.007524,40.411722],[-80.007423,40.411487],[-80.007359,40.411296],[-80.007203,40.410979],[-80.00707,40.410794],[-80.006874,40.410607],[-80.006783,40.410537],[-80.006517,40.410473],[-80.00634,40.410416],[-80.006293,40.410387],[-80.006347,40.410327],[-80.006389,40.410354]]],[[[-80.004974,40.406869],[-80.005019,40.407038],[-80.005049,40.407239],[-80.005055,40.407917],[-80.005076,40.408092],[-80.005141,40.408269],[-80.005176,40.408435],[-80.00529,40.408761],[-80.00544,40.409067],[-80.005448,40.409107],[-80.005518,40.409252],[-80.005775,40.40972],[-80.005937,40.409943],[-80.0061,40.410104],[-80.006153,40.410183],[-80.006218,40.410246],[-80.006347,40.410327],[-80.006293,40.410387],[-80.006153,40.410298],[-80.006075,40.410225],[-80.006021,40.410144],[-80.005856,40.40998],[-80.00569,40.409753],[-80.005429,40.409277],[-80.005357,40.409128],[-80.005349,40.409088],[-80.005198,40.408781],[-80.005084,40.408451],[-80.005047,40.408283],[-80.004982,40.408102],[-80.00496,40.407919],[-80.004954,40.407245],[-80.004926,40.40705],[-80.004884,40.406892],[-80.004858,40.406842],[-80.004775,40.406725],[-80.004586,40.406547],[-80.004318,40.406355],[-80.00421,40.406299],[-80.004114,40.406265],[-80.004094,40.406246],[-80.003787,40.406108],[-80.003413,40.405887],[-80.003253,40.405777],[-80.003172,40.405702],[-80.003063,40.405623],[-80.00285,40.405415],[-80.002649,40.405173],[-80.002597,40.405089],[-80.002488,40.40486],[-80.002416,40.404662],[-80.002226,40.404395],[-80.001738,40.403801],[-80.001559,40.403534],[-80.001523,40.403497],[-80.001443,40.403382],[-80.001298,40.403118],[-80.00121,40.402993],[-80.001165,40.402861],[-80.001129,40.402671],[-80.00122,40.402645],[-80.001259,40.402847],[-80.0013,40.402968],[-80.001385,40.40309],[-80.001528,40.403351],[-80.001604,40.40346],[-80.001642,40.403499],[-80.00182,40.403765],[-80.002308,40.404359],[-80.002502,40.404632],[-80.002578,40.404837],[-80.002684,40.40506],[-80.002732,40.405138],[-80.00293,40.405375],[-80.003134,40.405576],[-80.003243,40.405655],[-80.00332,40.405726],[-80.003474,40.405833],[-80.003844,40.40605],[-80.004157,40.406191],[-80.004177,40.406209],[-80.004257,40.406237],[-80.004375,40.406298],[-80.004654,40.406497],[-80.004765,40.406601],[-80.004949,40.406822],[-80.004974,40.406869]]],[[[-80.004852,40.406683],[-80.004943,40.406811],[-80.004949,40.406822],[-80.004765,40.406601],[-80.004852,40.406683]]],[[[-80.001087,40.402446],[-80.001016,40.40221],[-80.000986,40.402152],[-80.000917,40.401858],[-80.000901,40.401837],[-80.000912,40.401789],[-80.00086,40.401653],[-80.00075,40.401478],[-80.000389,40.40116],[-80.000162,40.401],[-80.00006,40.40085],[-79.999996,40.40078],[-79.999975,40.40077],[-80.000006,40.400776],[-80.000035,40.400764],[-80.000047,40.400742],[-80.000036,40.400715],[-80.000064,40.40073],[-80.000142,40.400813],[-80.00024,40.400959],[-80.00046,40.401113],[-80.000826,40.401436],[-80.000947,40.401625],[-80.001009,40.401784],[-80.000999,40.401821],[-80.001009,40.401837],[-80.001079,40.402136],[-80.001108,40.402192],[-80.00118,40.402433],[-80.00122,40.402645],[-80.001129,40.402671],[-80.001087,40.402446]]],[[[-80.021102,40.425128],[-80.021236,40.424946],[-80.021283,40.424969],[-80.021149,40.42515],[-80.021125,40.425192],[-80.02112,40.425202],[-80.021074,40.425181],[-80.021102,40.425128]]]]},"properties":{"WETLAND_TYPE":"Riverine"}},{"type":"Feature","geometry":{"type":"Polygon","coordinates":[[[-80.018859,40.493103],[-80.019112,40.493182],[-80.019211,40.493259],[-80.019282,40.493384],[-80.01938,40.493475],[-80.01938,40.493524],[-80.019251,40.493606],[-80.018853,40.49376],[-80.018806,40.493659],[-80.018338,40.493319],[-80.018338,40.4933],[-80.018531,40.493156],[-80.018668,40.493109],[-80.018768,40.493103],[-80.018859,40.493103]]]},"properties":{"WETLAND_TYPE":"Freshwater Pond"}},{"type":"Feature","geometry":{"type":"Polygon","coordinates":[[[-80.080175,40.462585],[-80.080145,40.462596],[-80.080114,40.46259],[-80.080176,40.46252],[-80.080268,40.462464],[-80.08024,40.462534],[-80.080175,40.462585]]]},"properties":{"WETLAND_TYPE":"Riverine"}},{"type":"Feature","geometry":{"type":"Polygon","coordinates":[[[-80.079991,40.462806],[-80.080005,40.462812],[-80.080015,40.46282],[-80.079984,40.462821],[-80.079991,40.462806]]]},"properties":{"WETLAND_TYPE":"Riverine"}},{"type":"Feature","geometry":{"type":"Polygon","coordinates":[[[-80.079958,40.462872],[-80.079968,40.462881],[-80.079982,40.462888],[-80.079955,40.462879],[-80.079958,40.462872]]]},"properties":{"WETLAND_TYPE":"Riverine"}},{"type":"Feature","geometry":{"type":"MultiPolygon","coordinates":[[[[-80.094042,40.450898],[-80.093884,40.450838],[-80.093889,40.450833],[-80.093928,40.450843],[-80.094042,40.450898]]],[[[-80.094094,40.450924],[-80.09409,40.450921],[-80.094095,40.450923],[-80.094094,40.450924]]]]},"properties":{"WETLAND_TYPE":"Riverine"}},{"type":"Feature","geometry":{"type":"Polygon","coordinates":[[[-80.092343,40.451027],[-80.092347,40.451038],[-80.092344,40.451055],[-80.092324,40.451072],[-80.091732,40.451334],[-80.091671,40.451346],[-80.091639,40.451335],[-80.091703,40.451288],[-80.092032,40.451131],[-80.092343,40.451027]]]},"properties":{"WETLAND_TYPE":"Riverine"}},{"type":"Feature","geometry":{"type":"Polygon","coordinates":[[[-80.085818,40.443708],[-80.085844,40.443719],[-80.085933,40.443802],[-80.085992,40.443871],[-80.086006,40.443912],[-80.086004,40.443928],[-80.086028,40.443936],[-80.0861,40.443996],[-80.087377,40.44548],[-80.087384,40.445501],[-80.087369,40.445526],[-80.087137,40.445333],[-80.086389,40.444464],[-80.086341,40.444394],[-80.086171,40.444206],[-80.086109,40.444094],[-80.085783,40.443713],[-80.085818,40.443708]]]},"properties":{"WETLAND_TYPE":"Riverine"}},{"type":"Feature","geometry":{"type":"Polygon","coordinates":[[[-80.086916,40.442816],[-80.085944,40.443815],[-80.085899,40.44377],[-80.08686,40.442783],[-80.086978,40.442696],[-80.087055,40.442715],[-80.086916,40.442816]]]},"properties":{"WETLAND_TYPE":"Riverine"}},{"type":"Feature","geometry":{"type":"Polygon","coordinates":[[[-80.082622,40.440383],[-80.082746,40.440427],[-80.082763,40.440437],[-80.083076,40.440751],[-80.083112,40.440871],[-80.083081,40.440869],[-80.083063,40.440858],[-80.082627,40.440419],[-80.082618,40.440399],[-80.082622,40.440383]]]},"properties":{"WETLAND_TYPE":"Riverine"}},{"type":"Feature","geometry":{"type":"Polygon","coordinates":[[[-80.085601,40.422957],[-80.085607,40.422935],[-80.085628,40.422919],[-80.085701,40.423038],[-80.085657,40.423266],[-80.085601,40.422957]]]},"properties":{"WETLAND_TYPE":"Riverine"}},{"type":"Feature","geometry":{"type":"MultiPolygon","coordinates":[[[[-80.046827,40.486939],[-80.046749,40.487094],[-80.046697,40.487046],[-80.046761,40.48692],[-80.047604,40.485341],[-80.047716,40.485274],[-80.046827,40.486939]]],[[[-80.047716,40.485274],[-80.047604,40.485341],[-80.048895,40.482922],[-80.048953,40.482958],[-80.047716,40.485274]]],[[[-80.049487,40.481814],[-80.049501,40.481801],[-80.049544,40.481851],[-80.048953,40.482958],[-80.048895,40.482922],[-80.049487,40.481814]]]]},"properties":{"WETLAND_TYPE":"Riverine"}}]}
